Workbook
Name TRANSMUTATION_TABLE: 'DO NOT DELETE'!$G$2:$J$42

Sheet SCIENCE _Q1
A1: Class Record
A3: (Pursuant to Deped Order 8 series of 2015)
C4: REGION | G4: NCR | U4: DIVISION | V4: PARAÑAQUE | Z4: DISTRICT | AH4: VII
B6: SCHOOL NAME | G6: STO. NIÑO ELEMENTARY SCHOOL | Z6: SCHOOL ID | AH6: 136765 | AK6: SCHOOL YEAR | AN6: 2025 - 2026
A8: FIRST QUARTER | F8: GRADE & SECTION: | O8: V-MOLAVE | W8: TEACHER: | Y8: MRS. JANE DOE | AJ8: SUBJECT: | AL8: SCIENCE 5
B9: LEARNERS' NAMES | F9: WRITTEN WORKS (40%) | Y9: PERFORMANCE TASKS (40%) | AM9: QUARTERLY ASSESSMENT (20%) | AP9: Initial Grade | AQ9: Quarterly Grade
F10: SEATWORK | U10: Notebook | Y10: GROUP ACTIVITY | AI10: Recitation
F11: (Let's Recall, Let's Apply, Let's Analyze, Let's Try) | Y11: Let's Create | AM11: Periodic Test | AX11: 60-69 | AY11: 78
F12: 1 | G12: 2 | H12: 3 | I12: 4 | J12: 5 | K12: 6 | L12: 7 | M12: 8 | N12: 9 | O12: 10 | P12: 11 | Q12: 12 | R12: 13 | S12: 14 | T12: 15 | U12: 1 | V12: Total | W12: PS | X12: WS | Y12: 1 | Z12: 2 | AA12: 3 | AB12: 4 | AC12: 5 | AD12: 6 | AE12: 7 | AF12: 8 | AG12: 9 | AH12: 10 | AI12: 1 | AJ12: Total | AK12: PS | AL12: WS | AM12: 1 | AN12: PS | AO12: WS | AX12: 70-74 | AY12: 79
B13: HIGHEST POSSIBLE SCORE | V13: =IF(COUNT($F13:$U13)=0,"",SUM($F13:$U13)) | W13: 100 | X13: 0.4 | AJ13: =IF(COUNT($Y13:$AI13)=0,"",SUM($Y13:$AI13)) | AK13: 100 | AL13: 0.4 | AN13: 100 | AO13: 0.2 | AX13: 75-79 | AY13: 80
B14: MALE | AX14: 80-84 | AY14: 85
A15: 1 | V15: =IF(COUNT($F15:$U15)=0,"",SUM($F15:$U15)) | W15: =IF(ISERROR(IF($V15="","",ROUND(($V15/$V$13)*$W$13,2))),"",IF($V15="","",ROUND(($V15/$V$13)*$W$13,2))) | X15: =IF($W15="","",ROUND($W15*$X$13,2)) | AJ15: =IF(COUNT($Y15:$AI15)=0,"",SUM($Y15:$AI15)) | AK15: =IF(ISERROR(IF($AJ15="","",ROUND(($AJ15/$AJ$13)*$AK$13,2))),"",IF($AJ15="","",ROUND(($AJ15/$AJ$13)*$AK$13,2))) | AL15: =IF($AK15="","",ROUND($AK15*$AL$13,2)) | AN15: =IF(ISERROR(IF($AM15="","",ROUND(($AM15/$AM$13)*$AN$13,2))),"",IF($AM15="","",ROUND(($AM15/$AM$13)*$AN$13,2))) | AO15: =IF($AN15="","",ROUND($AN15*$AO$13,2)) | AP15: =IF(ISERROR(IF($AM15="","",ROUND(SUM($X15,$AL15,$AO15),2))),"",IF($AM15="","",ROUND(SUM($X15,$AL15,$AO15),2))) | AQ15: =IF(ISERROR(IF($AM15="","",VLOOKUP(AP15,TRANSMUTATION_TABLE,4,TRUE))),"",IF($AM15="","",VLOOKUP(AP15,TRANSMUTATION_TABLE,4,TRUE))) | AX15: 85-88 | AY15: 89
A16: 2 | V16: =IF(COUNT($F16:$U16)=0,"",SUM($F16:$U16)) | W16: =IF(ISERROR(IF($V16="","",ROUND(($V16/$V$13)*$W$13,2))),"",IF($V16="","",ROUND(($V16/$V$13)*$W$13,2))) | X16: =IF($W16="","",ROUND($W16*$X$13,2)) | AJ16: =IF(COUNT($Y16:$AI16)=0,"",SUM($Y16:$AI16)) | AK16: =IF(ISERROR(IF($AJ16="","",ROUND(($AJ16/$AJ$13)*$AK$13,2))),"",IF($AJ16="","",ROUND(($AJ16/$AJ$13)*$AK$13,2))) | AL16: =IF($AK16="","",ROUND($AK16*$AL$13,2)) | AN16: =IF(ISERROR(IF($AM16="","",ROUND(($AM16/$AM$13)*$AN$13,2))),"",IF($AM16="","",ROUND(($AM16/$AM$13)*$AN$13,2))) | AO16: =IF($AN16="","",ROUND($AN16*$AO$13,2)) | AP16: =IF(ISERROR(IF($AM16="","",ROUND(SUM($X16,$AL16,$AO16),2))),"",IF($AM16="","",ROUND(SUM($X16,$AL16,$AO16),2))) | AQ16: =IF(ISERROR(IF($AM16="","",VLOOKUP(AP16,TRANSMUTATION_TABLE,4,TRUE))),"",IF($AM16="","",VLOOKUP(AP16,TRANSMUTATION_TABLE,4,TRUE))) | AX16: 89-91 | AY16: 92
A17: 3 | V17: =IF(COUNT($F17:$U17)=0,"",SUM($F17:$U17)) | W17: =IF(ISERROR(IF($V17="","",ROUND(($V17/$V$13)*$W$13,2))),"",IF($V17="","",ROUND(($V17/$V$13)*$W$13,2))) | X17: =IF($W17="","",ROUND($W17*$X$13,2)) | AJ17: =IF(COUNT($Y17:$AI17)=0,"",SUM($Y17:$AI17)) | AK17: =IF(ISERROR(IF($AJ17="","",ROUND(($AJ17/$AJ$13)*$AK$13,2))),"",IF($AJ17="","",ROUND(($AJ17/$AJ$13)*$AK$13,2))) | AL17: =IF($AK17="","",ROUND($AK17*$AL$13,2)) | AN17: =IF(ISERROR(IF($AM17="","",ROUND(($AM17/$AM$13)*$AN$13,2))),"",IF($AM17="","",ROUND(($AM17/$AM$13)*$AN$13,2))) | AO17: =IF($AN17="","",ROUND($AN17*$AO$13,2)) | AP17: =IF(ISERROR(IF($AM17="","",ROUND(SUM($X17,$AL17,$AO17),2))),"",IF($AM17="","",ROUND(SUM($X17,$AL17,$AO17),2))) | AQ17: =IF(ISERROR(IF($AM17="","",VLOOKUP(AP17,TRANSMUTATION_TABLE,4,TRUE))),"",IF($AM17="","",VLOOKUP(AP17,TRANSMUTATION_TABLE,4,TRUE)))
A18: 4 | V18: =IF(COUNT($F18:$U18)=0,"",SUM($F18:$U18)) | W18: =IF(ISERROR(IF($V18="","",ROUND(($V18/$V$13)*$W$13,2))),"",IF($V18="","",ROUND(($V18/$V$13)*$W$13,2))) | X18: =IF($W18="","",ROUND($W18*$X$13,2)) | AJ18: =IF(COUNT($Y18:$AI18)=0,"",SUM($Y18:$AI18)) | AK18: =IF(ISERROR(IF($AJ18="","",ROUND(($AJ18/$AJ$13)*$AK$13,2))),"",IF($AJ18="","",ROUND(($AJ18/$AJ$13)*$AK$13,2))) | AL18: =IF($AK18="","",ROUND($AK18*$AL$13,2)) | AN18: =IF(ISERROR(IF($AM18="","",ROUND(($AM18/$AM$13)*$AN$13,2))),"",IF($AM18="","",ROUND(($AM18/$AM$13)*$AN$13,2))) | AO18: =IF($AN18="","",ROUND($AN18*$AO$13,2)) | AP18: =IF(ISERROR(IF($AM18="","",ROUND(SUM($X18,$AL18,$AO18),2))),"",IF($AM18="","",ROUND(SUM($X18,$AL18,$AO18),2))) | AQ18: =IF(ISERROR(IF($AM18="","",VLOOKUP(AP18,TRANSMUTATION_TABLE,4,TRUE))),"",IF($AM18="","",VLOOKUP(AP18,TRANSMUTATION_TABLE,4,TRUE)))
A19: 5 | V19: =IF(COUNT($F19:$U19)=0,"",SUM($F19:$U19)) | W19: =IF(ISERROR(IF($V19="","",ROUND(($V19/$V$13)*$W$13,2))),"",IF($V19="","",ROUND(($V19/$V$13)*$W$13,2))) | X19: =IF($W19="","",ROUND($W19*$X$13,2)) | AJ19: =IF(COUNT($Y19:$AI19)=0,"",SUM($Y19:$AI19)) | AK19: =IF(ISERROR(IF($AJ19="","",ROUND(($AJ19/$AJ$13)*$AK$13,2))),"",IF($AJ19="","",ROUND(($AJ19/$AJ$13)*$AK$13,2))) | AL19: =IF($AK19="","",ROUND($AK19*$AL$13,2)) | AN19: =IF(ISERROR(IF($AM19="","",ROUND(($AM19/$AM$13)*$AN$13,2))),"",IF($AM19="","",ROUND(($AM19/$AM$13)*$AN$13,2))) | AO19: =IF($AN19="","",ROUND($AN19*$AO$13,2)) | AP19: =IF(ISERROR(IF($AM19="","",ROUND(SUM($X19,$AL19,$AO19),2))),"",IF($AM19="","",ROUND(SUM($X19,$AL19,$AO19),2))) | AQ19: =IF(ISERROR(IF($AM19="","",VLOOKUP(AP19,TRANSMUTATION_TABLE,4,TRUE))),"",IF($AM19="","",VLOOKUP(AP19,TRANSMUTATION_TABLE,4,TRUE)))
A20: 6 | V20: =IF(COUNT($F20:$U20)=0,"",SUM($F20:$U20)) | W20: =IF(ISERROR(IF($V20="","",ROUND(($V20/$V$13)*$W$13,2))),"",IF($V20="","",ROUND(($V20/$V$13)*$W$13,2))) | X20: =IF($W20="","",ROUND($W20*$X$13,2)) | AJ20: =IF(COUNT($Y20:$AI20)=0,"",SUM($Y20:$AI20)) | AK20: =IF(ISERROR(IF($AJ20="","",ROUND(($AJ20/$AJ$13)*$AK$13,2))),"",IF($AJ20="","",ROUND(($AJ20/$AJ$13)*$AK$13,2))) | AL20: =IF($AK20="","",ROUND($AK20*$AL$13,2)) | AN20: =IF(ISERROR(IF($AM20="","",ROUND(($AM20/$AM$13)*$AN$13,2))),"",IF($AM20="","",ROUND(($AM20/$AM$13)*$AN$13,2))) | AO20: =IF($AN20="","",ROUND($AN20*$AO$13,2)) | AP20: =IF(ISERROR(IF($AM20="","",ROUND(SUM($X20,$AL20,$AO20),2))),"",IF($AM20="","",ROUND(SUM($X20,$AL20,$AO20),2))) | AQ20: =IF(ISERROR(IF($AM20="","",VLOOKUP(AP20,TRANSMUTATION_TABLE,4,TRUE))),"",IF($AM20="","",VLOOKUP(AP20,TRANSMUTATION_TABLE,4,TRUE)))
A21: 7 | V21: =IF(COUNT($F21:$U21)=0,"",SUM($F21:$U21)) | W21: =IF(ISERROR(IF($V21="","",ROUND(($V21/$V$13)*$W$13,2))),"",IF($V21="","",ROUND(($V21/$V$13)*$W$13,2))) | X21: =IF($W21="","",ROUND($W21*$X$13,2)) | AJ21: =IF(COUNT($Y21:$AI21)=0,"",SUM($Y21:$AI21)) | AK21: =IF(ISERROR(IF($AJ21="","",ROUND(($AJ21/$AJ$13)*$AK$13,2))),"",IF($AJ21="","",ROUND(($AJ21/$AJ$13)*$AK$13,2))) | AL21: =IF($AK21="","",ROUND($AK21*$AL$13,2)) | AN21: =IF(ISERROR(IF($AM21="","",ROUND(($AM21/$AM$13)*$AN$13,2))),"",IF($AM21="","",ROUND(($AM21/$AM$13)*$AN$13,2))) | AO21: =IF($AN21="","",ROUND($AN21*$AO$13,2)) | AP21: =IF(ISERROR(IF($AM21="","",ROUND(SUM($X21,$AL21,$AO21),2))),"",IF($AM21="","",ROUND(SUM($X21,$AL21,$AO21),2))) | AQ21: =IF(ISERROR(IF($AM21="","",VLOOKUP(AP21,TRANSMUTATION_TABLE,4,TRUE))),"",IF($AM21="","",VLOOKUP(AP21,TRANSMUTATION_TABLE,4,TRUE)))
A22: 8 | V22: =IF(COUNT($F22:$U22)=0,"",SUM($F22:$U22)) | W22: =IF(ISERROR(IF($V22="","",ROUND(($V22/$V$13)*$W$13,2))),"",IF($V22="","",ROUND(($V22/$V$13)*$W$13,2))) | X22: =IF($W22="","",ROUND($W22*$X$13,2)) | AJ22: =IF(COUNT($Y22:$AI22)=0,"",SUM($Y22:$AI22)) | AK22: =IF(ISERROR(IF($AJ22="","",ROUND(($AJ22/$AJ$13)*$AK$13,2))),"",IF($AJ22="","",ROUND(($AJ22/$AJ$13)*$AK$13,2))) | AL22: =IF($AK22="","",ROUND($AK22*$AL$13,2)) | AN22: =IF(ISERROR(IF($AM22="","",ROUND(($AM22/$AM$13)*$AN$13,2))),"",IF($AM22="","",ROUND(($AM22/$AM$13)*$AN$13,2))) | AO22: =IF($AN22="","",ROUND($AN22*$AO$13,2)) | AP22: =IF(ISERROR(IF($AM22="","",ROUND(SUM($X22,$AL22,$AO22),2))),"",IF($AM22="","",ROUND(SUM($X22,$AL22,$AO22),2))) | AQ22: =IF(ISERROR(IF($AM22="","",VLOOKUP(AP22,TRANSMUTATION_TABLE,4,TRUE))),"",IF($AM22="","",VLOOKUP(AP22,TRANSMUTATION_TABLE,4,TRUE)))
A23: 9 | V23: =IF(COUNT($F23:$U23)=0,"",SUM($F23:$U23)) | W23: =IF(ISERROR(IF($V23="","",ROUND(($V23/$V$13)*$W$13,2))),"",IF($V23="","",ROUND(($V23/$V$13)*$W$13,2))) | X23: =IF($W23="","",ROUND($W23*$X$13,2)) | AJ23: =IF(COUNT($Y23:$AI23)=0,"",SUM($Y23:$AI23)) | AK23: =IF(ISERROR(IF($AJ23="","",ROUND(($AJ23/$AJ$13)*$AK$13,2))),"",IF($AJ23="","",ROUND(($AJ23/$AJ$13)*$AK$13,2))) | AL23: =IF($AK23="","",ROUND($AK23*$AL$13,2)) | AN23: =IF(ISERROR(IF($AM23="","",ROUND(($AM23/$AM$13)*$AN$13,2))),"",IF($AM23="","",ROUND(($AM23/$AM$13)*$AN$13,2))) | AO23: =IF($AN23="","",ROUND($AN23*$AO$13,2)) | AP23: =IF(ISERROR(IF($AM23="","",ROUND(SUM($X23,$AL23,$AO23),2))),"",IF($AM23="","",ROUND(SUM($X23,$AL23,$AO23),2))) | AQ23: =IF(ISERROR(IF($AM23="","",VLOOKUP(AP23,TRANSMUTATION_TABLE,4,TRUE))),"",IF($AM23="","",VLOOKUP(AP23,TRANSMUTATION_TABLE,4,TRUE)))
A24: 10 | V24: =IF(COUNT($F24:$U24)=0,"",SUM($F24:$U24)) | W24: =IF(ISERROR(IF($V24="","",ROUND(($V24/$V$13)*$W$13,2))),"",IF($V24="","",ROUND(($V24/$V$13)*$W$13,2))) | X24: =IF($W24="","",ROUND($W24*$X$13,2)) | AJ24: =IF(COUNT($Y24:$AI24)=0,"",SUM($Y24:$AI24)) | AK24: =IF(ISERROR(IF($AJ24="","",ROUND(($AJ24/$AJ$13)*$AK$13,2))),"",IF($AJ24="","",ROUND(($AJ24/$AJ$13)*$AK$13,2))) | AL24: =IF($AK24="","",ROUND($AK24*$AL$13,2)) | AN24: =IF(ISERROR(IF($AM24="","",ROUND(($AM24/$AM$13)*$AN$13,2))),"",IF($AM24="","",ROUND(($AM24/$AM$13)*$AN$13,2))) | AO24: =IF($AN24="","",ROUND($AN24*$AO$13,2)) | AP24: =IF(ISERROR(IF($AM24="","",ROUND(SUM($X24,$AL24,$AO24),2))),"",IF($AM24="","",ROUND(SUM($X24,$AL24,$AO24),2))) | AQ24: =IF(ISERROR(IF($AM24="","",VLOOKUP(AP24,TRANSMUTATION_TABLE,4,TRUE))),"",IF($AM24="","",VLOOKUP(AP24,TRANSMUTATION_TABLE,4,TRUE)))
A25: 11 | V25: =IF(COUNT($F25:$U25)=0,"",SUM($F25:$U25)) | W25: =IF(ISERROR(IF($V25="","",ROUND(($V25/$V$13)*$W$13,2))),"",IF($V25="","",ROUND(($V25/$V$13)*$W$13,2))) | X25: =IF($W25="","",ROUND($W25*$X$13,2)) | AJ25: =IF(COUNT($Y25:$AI25)=0,"",SUM($Y25:$AI25)) | AK25: =IF(ISERROR(IF($AJ25="","",ROUND(($AJ25/$AJ$13)*$AK$13,2))),"",IF($AJ25="","",ROUND(($AJ25/$AJ$13)*$AK$13,2))) | AL25: =IF($AK25="","",ROUND($AK25*$AL$13,2)) | AN25: =IF(ISERROR(IF($AM25="","",ROUND(($AM25/$AM$13)*$AN$13,2))),"",IF($AM25="","",ROUND(($AM25/$AM$13)*$AN$13,2))) | AO25: =IF($AN25="","",ROUND($AN25*$AO$13,2)) | AP25: =IF(ISERROR(IF($AM25="","",ROUND(SUM($X25,$AL25,$AO25),2))),"",IF($AM25="","",ROUND(SUM($X25,$AL25,$AO25),2))) | AQ25: =IF(ISERROR(IF($AM25="","",VLOOKUP(AP25,TRANSMUTATION_TABLE,4,TRUE))),"",IF($AM25="","",VLOOKUP(AP25,TRANSMUTATION_TABLE,4,TRUE)))
A26: 12 | V26: =IF(COUNT($F26:$U26)=0,"",SUM($F26:$U26)) | W26: =IF(ISERROR(IF($V26="","",ROUND(($V26/$V$13)*$W$13,2))),"",IF($V26="","",ROUND(($V26/$V$13)*$W$13,2))) | X26: =IF($W26="","",ROUND($W26*$X$13,2)) | AJ26: =IF(COUNT($Y26:$AI26)=0,"",SUM($Y26:$AI26)) | AK26: =IF(ISERROR(IF($AJ26="","",ROUND(($AJ26/$AJ$13)*$AK$13,2))),"",IF($AJ26="","",ROUND(($AJ26/$AJ$13)*$AK$13,2))) | AL26: =IF($AK26="","",ROUND($AK26*$AL$13,2)) | AN26: =IF(ISERROR(IF($AM26="","",ROUND(($AM26/$AM$13)*$AN$13,2))),"",IF($AM26="","",ROUND(($AM26/$AM$13)*$AN$13,2))) | AO26: =IF($AN26="","",ROUND($AN26*$AO$13,2)) | AP26: =IF(ISERROR(IF($AM26="","",ROUND(SUM($X26,$AL26,$AO26),2))),"",IF($AM26="","",ROUND(SUM($X26,$AL26,$AO26),2))) | AQ26: =IF(ISERROR(IF($AM26="","",VLOOKUP(AP26,TRANSMUTATION_TABLE,4,TRUE))),"",IF($AM26="","",VLOOKUP(AP26,TRANSMUTATION_TABLE,4,TRUE)))
A27: 13 | V27: =IF(COUNT($F27:$U27)=0,"",SUM($F27:$U27)) | W27: =IF(ISERROR(IF($V27="","",ROUND(($V27/$V$13)*$W$13,2))),"",IF($V27="","",ROUND(($V27/$V$13)*$W$13,2))) | X27: =IF($W27="","",ROUND($W27*$X$13,2)) | AJ27: =IF(COUNT($Y27:$AI27)=0,"",SUM($Y27:$AI27)) | AK27: =IF(ISERROR(IF($AJ27="","",ROUND(($AJ27/$AJ$13)*$AK$13,2))),"",IF($AJ27="","",ROUND(($AJ27/$AJ$13)*$AK$13,2))) | AL27: =IF($AK27="","",ROUND($AK27*$AL$13,2)) | AN27: =IF(ISERROR(IF($AM27="","",ROUND(($AM27/$AM$13)*$AN$13,2))),"",IF($AM27="","",ROUND(($AM27/$AM$13)*$AN$13,2))) | AO27: =IF($AN27="","",ROUND($AN27*$AO$13,2)) | AP27: =IF(ISERROR(IF($AM27="","",ROUND(SUM($X27,$AL27,$AO27),2))),"",IF($AM27="","",ROUND(SUM($X27,$AL27,$AO27),2))) | AQ27: =IF(ISERROR(IF($AM27="","",VLOOKUP(AP27,TRANSMUTATION_TABLE,4,TRUE))),"",IF($AM27="","",VLOOKUP(AP27,TRANSMUTATION_TABLE,4,TRUE)))
A28: 14 | V28: =IF(COUNT($F28:$U28)=0,"",SUM($F28:$U28)) | W28: =IF(ISERROR(IF($V28="","",ROUND(($V28/$V$13)*$W$13,2))),"",IF($V28="","",ROUND(($V28/$V$13)*$W$13,2))) | X28: =IF($W28="","",ROUND($W28*$X$13,2)) | AJ28: =IF(COUNT($Y28:$AI28)=0,"",SUM($Y28:$AI28)) | AK28: =IF(ISERROR(IF($AJ28="","",ROUND(($AJ28/$AJ$13)*$AK$13,2))),"",IF($AJ28="","",ROUND(($AJ28/$AJ$13)*$AK$13,2))) | AL28: =IF($AK28="","",ROUND($AK28*$AL$13,2)) | AN28: =IF(ISERROR(IF($AM28="","",ROUND(($AM28/$AM$13)*$AN$13,2))),"",IF($AM28="","",ROUND(($AM28/$AM$13)*$AN$13,2))) | AO28: =IF($AN28="","",ROUND($AN28*$AO$13,2)) | AP28: =IF(ISERROR(IF($AM28="","",ROUND(SUM($X28,$AL28,$AO28),2))),"",IF($AM28="","",ROUND(SUM($X28,$AL28,$AO28),2))) | AQ28: =IF(ISERROR(IF($AM28="","",VLOOKUP(AP28,TRANSMUTATION_TABLE,4,TRUE))),"",IF($AM28="","",VLOOKUP(AP28,TRANSMUTATION_TABLE,4,TRUE)))
... A36: 22 | V36: =IF(COUNT($F36:$U36)=0,"",SUM($F36:$U36)) | W36: =IF(ISERROR(IF($V36="","",ROUND(($V36/$V$13)*$W$13,2))),"",IF($V36="","",ROUND(($V36/$V$13)*$W$13,2))) | X36: =IF($W36="","",ROUND($W36*$X$13,2)) | AJ36: =IF(COUNT($Y36:$AI36)=0,"",SUM($Y36:$AI36)) | AK36: =IF(ISERROR(IF($AJ36="","",ROUND(($AJ36/$AJ$13)*$AK$13,2))),"",IF($AJ36="","",ROUND(($AJ36/$AJ$13)*$AK$13,2))) | AL36: =IF($AK36="","",ROUND($AK36*$AL$13,2)) | AN36: =IF(ISERROR(IF($AM36="","",ROUND(($AM36/$AM$13)*$AN$13,2))),"",IF($AM36="","",ROUND(($AM36/$AM$13)*$AN$13,2))) | AO36: =IF($AN36="","",ROUND($AN36*$AO$13,2)) | AP36: =IF(ISERROR(IF($AM36="","",ROUND(SUM($X36,$AL36,$AO36),2))),"",IF($AM36="","",ROUND(SUM($X36,$AL36,$AO36),2))) | AQ36: =IF(ISERROR(IF($AM36="","",VLOOKUP(AP36,TRANSMUTATION_TABLE,4,TRUE))),"",IF($AM36="","",VLOOKUP(AP36,TRANSMUTATION_TABLE,4,TRUE)))
AQ37: =IF(ISERROR(IF($AM37="","",VLOOKUP(AP37,TRANSMUTATION_TABLE,4,TRUE))),"",IF($AM37="","",VLOOKUP(AP37,TRANSMUTATION_TABLE,4,TRUE)))
V38: =IF(COUNT($F38:$U38)=0,"",SUM($F38:$U38)) | W38: =IF(ISERROR(IF($V38="","",ROUND(($V38/$V$13)*$W$13,2))),"",IF($V38="","",ROUND(($V38/$V$13)*$W$13,2))) | X38: =IF($W38="","",ROUND($W38*$X$13,2)) | AJ38: =IF(COUNT($Y38:$AI38)=0,"",SUM($Y38:$AI38)) | AK38: =IF(ISERROR(IF($AJ38="","",ROUND(($AJ38/$AJ$13)*$AK$13,2))),"",IF($AJ38="","",ROUND(($AJ38/$AJ$13)*$AK$13,2))) | AL38: =IF($AK38="","",ROUND($AK38*$AL$13,2)) | AN38: =IF(ISERROR(IF($AM38="","",ROUND(($AM38/$AM$13)*$AN$13,2))),"",IF($AM38="","",ROUND(($AM38/$AM$13)*$AN$13,2))) | AO38: =IF($AN38="","",ROUND($AN38*$AO$13,2)) | AP38: =IF(ISERROR(IF($AM38="","",ROUND(SUM($X38,$AL38,$AO38),2))),"",IF($AM38="","",ROUND(SUM($X38,$AL38,$AO38),2))) | AQ38: =IF(ISERROR(IF($AM38="","",VLOOKUP(AP38,TRANSMUTATION_TABLE,4,TRUE))),"",IF($AM38="","",VLOOKUP(AP38,TRANSMUTATION_TABLE,4,TRUE)))
V39: =IF(COUNT($F39:$U39)=0,"",SUM($F39:$U39)) | W39: =IF(ISERROR(IF($V39="","",ROUND(($V39/$V$13)*$W$13,2))),"",IF($V39="","",ROUND(($V39/$V$13)*$W$13,2))) | X39: =IF($W39="","",ROUND($W39*$X$13,2)) | AJ39: =IF(COUNT($Y39:$AI39)=0,"",SUM($Y39:$AI39)) | AK39: =IF(ISERROR(IF($AJ39="","",ROUND(($AJ39/$AJ$13)*$AK$13,2))),"",IF($AJ39="","",ROUND(($AJ39/$AJ$13)*$AK$13,2))) | AL39: =IF($AK39="","",ROUND($AK39*$AL$13,2)) | AN39: =IF(ISERROR(IF($AM39="","",ROUND(($AM39/$AM$13)*$AN$13,2))),"",IF($AM39="","",ROUND(($AM39/$AM$13)*$AN$13,2))) | AO39: =IF($AN39="","",ROUND($AN39*$AO$13,2)) | AP39: =IF(ISERROR(IF($AM39="","",ROUND(SUM($X39,$AL39,$AO39),2))),"",IF($AM39="","",ROUND(SUM($X39,$AL39,$AO39),2))) | AQ39: =IF(ISERROR(IF($AM39="","",VLOOKUP(AP39,TRANSMUTATION_TABLE,4,TRUE))),"",IF($AM39="","",VLOOKUP(AP39,TRANSMUTATION_TABLE,4,TRUE)))
V40: =IF(COUNT($F40:$U40)=0,"",SUM($F40:$U40)) | W40: =IF(ISERROR(IF($V40="","",ROUND(($V40/$V$13)*$W$13,2))),"",IF($V40="","",ROUND(($V40/$V$13)*$W$13,2))) | X40: =IF($W40="","",ROUND($W40*$X$13,2)) | AJ40: =IF(COUNT($Y40:$AI40)=0,"",SUM($Y40:$AI40)) | AK40: =IF(ISERROR(IF($AJ40="","",ROUND(($AJ40/$AJ$13)*$AK$13,2))),"",IF($AJ40="","",ROUND(($AJ40/$AJ$13)*$AK$13,2))) | AL40: =IF($AK40="","",ROUND($AK40*$AL$13,2)) | AN40: =IF(ISERROR(IF($AM40="","",ROUND(($AM40/$AM$13)*$AN$13,2))),"",IF($AM40="","",ROUND(($AM40/$AM$13)*$AN$13,2))) | AO40: =IF($AN40="","",ROUND($AN40*$AO$13,2)) | AP40: =IF(ISERROR(IF($AM40="","",ROUND(SUM($X40,$AL40,$AO40),2))),"",IF($AM40="","",ROUND(SUM($X40,$AL40,$AO40),2))) | AQ40: =IF(ISERROR(IF($AM40="","",VLOOKUP(AP40,TRANSMUTATION_TABLE,4,TRUE))),"",IF($AM40="","",VLOOKUP(AP40,TRANSMUTATION_TABLE,4,TRUE)))
V41: =IF(COUNT($F41:$U41)=0,"",SUM($F41:$U41)) | W41: =IF(ISERROR(IF($V41="","",ROUND(($V41/$V$13)*$W$13,2))),"",IF($V41="","",ROUND(($V41/$V$13)*$W$13,2))) | X41: =IF($W41="","",ROUND($W41*$X$13,2)) | AJ41: =IF(COUNT($Y41:$AI41)=0,"",SUM($Y41:$AI41)) | AK41: =IF(ISERROR(IF($AJ41="","",ROUND(($AJ41/$AJ$13)*$AK$13,2))),"",IF($AJ41="","",ROUND(($AJ41/$AJ$13)*$AK$13,2))) | AL41: =IF($AK41="","",ROUND($AK41*$AL$13,2)) | AN41: =IF(ISERROR(IF($AM41="","",ROUND(($AM41/$AM$13)*$AN$13,2))),"",IF($AM41="","",ROUND(($AM41/$AM$13)*$AN$13,2))) | AO41: =IF($AN41="","",ROUND($AN41*$AO$13,2)) | AP41: =IF(ISERROR(IF($AM41="","",ROUND(SUM($X41,$AL41,$AO41),2))),"",IF($AM41="","",ROUND(SUM($X41,$AL41,$AO41),2))) | AQ41: =IF(ISERROR(IF($AM41="","",VLOOKUP(AP41,TRANSMUTATION_TABLE,4,TRUE))),"",IF($AM41="","",VLOOKUP(AP41,TRANSMUTATION_TABLE,4,TRUE)))
V42: =IF(COUNT($F42:$U42)=0,"",SUM($F42:$U42)) | W42: =IF(ISERROR(IF($V42="","",ROUND(($V42/$V$13)*$W$13,2))),"",IF($V42="","",ROUND(($V42/$V$13)*$W$13,2))) | X42: =IF($W42="","",ROUND($W42*$X$13,2)) | AJ42: =IF(COUNT($Y42:$AI42)=0,"",SUM($Y42:$AI42)) | AK42: =IF(ISERROR(IF($AJ42="","",ROUND(($AJ42/$AJ$13)*$AK$13,2))),"",IF($AJ42="","",ROUND(($AJ42/$AJ$13)*$AK$13,2))) | AL42: =IF($AK42="","",ROUND($AK42*$AL$13,2)) | AN42: =IF(ISERROR(IF($AM42="","",ROUND(($AM42/$AM$13)*$AN$13,2))),"",IF($AM42="","",ROUND(($AM42/$AM$13)*$AN$13,2))) | AO42: =IF($AN42="","",ROUND($AN42*$AO$13,2)) | AP42: =IF(ISERROR(IF($AM42="","",ROUND(SUM($X42,$AL42,$AO42),2))),"",IF($AM42="","",ROUND(SUM($X42,$AL42,$AO42),2))) | AQ42: =IF(ISERROR(IF($AM42="","",VLOOKUP(AP42,TRANSMUTATION_TABLE,4,TRUE))),"",IF($AM42="","",VLOOKUP(AP42,TRANSMUTATION_TABLE,4,TRUE)))
V43: =IF(COUNT($F43:$U43)=0,"",SUM($F43:$U43)) | W43: =IF(ISERROR(IF($V43="","",ROUND(($V43/$V$13)*$W$13,2))),"",IF($V43="","",ROUND(($V43/$V$13)*$W$13,2))) | X43: =IF($W43="","",ROUND($W43*$X$13,2)) | AJ43: =IF(COUNT($Y43:$AI43)=0,"",SUM($Y43:$AI43)) | AK43: =IF(ISERROR(IF($AJ43="","",ROUND(($AJ43/$AJ$13)*$AK$13,2))),"",IF($AJ43="","",ROUND(($AJ43/$AJ$13)*$AK$13,2))) | AL43: =IF($AK43="","",ROUND($AK43*$AL$13,2)) | AN43: =IF(ISERROR(IF($AM43="","",ROUND(($AM43/$AM$13)*$AN$13,2))),"",IF($AM43="","",ROUND(($AM43/$AM$13)*$AN$13,2))) | AO43: =IF($AN43="","",ROUND($AN43*$AO$13,2)) | AP43: =IF(ISERROR(IF($AM43="","",ROUND(SUM($X43,$AL43,$AO43),2))),"",IF($AM43="","",ROUND(SUM($X43,$AL43,$AO43),2))) | AQ43: =IF(ISERROR(IF($AM43="","",VLOOKUP(AP43,TRANSMUTATION_TABLE,4,TRUE))),"",IF($AM43="","",VLOOKUP(AP43,TRANSMUTATION_TABLE,4,TRUE)))
V44: =IF(COUNT($F44:$U44)=0,"",SUM($F44:$U44)) | W44: =IF(ISERROR(IF($V44="","",ROUND(($V44/$V$13)*$W$13,2))),"",IF($V44="","",ROUND(($V44/$V$13)*$W$13,2))) | X44: =IF($W44="","",ROUND($W44*$X$13,2)) | AJ44: =IF(COUNT($Y44:$AI44)=0,"",SUM($Y44:$AI44)) | AK44: =IF(ISERROR(IF($AJ44="","",ROUND(($AJ44/$AJ$13)*$AK$13,2))),"",IF($AJ44="","",ROUND(($AJ44/$AJ$13)*$AK$13,2))) | AL44: =IF($AK44="","",ROUND($AK44*$AL$13,2)) | AN44: =IF(ISERROR(IF($AM44="","",ROUND(($AM44/$AM$13)*$AN$13,2))),"",IF($AM44="","",ROUND(($AM44/$AM$13)*$AN$13,2))) | AO44: =IF($AN44="","",ROUND($AN44*$AO$13,2)) | AP44: =IF(ISERROR(IF($AM44="","",ROUND(SUM($X44,$AL44,$AO44),2))),"",IF($AM44="","",ROUND(SUM($X44,$AL44,$AO44),2))) | AQ44: =IF(ISERROR(IF($AM44="","",VLOOKUP(AP44,TRANSMUTATION_TABLE,4,TRUE))),"",IF($AM44="","",VLOOKUP(AP44,TRANSMUTATION_TABLE,4,TRUE)))
V45: =IF(COUNT($F45:$U45)=0,"",SUM($F45:$U45)) | W45: =IF(ISERROR(IF($V45="","",ROUND(($V45/$V$13)*$W$13,2))),"",IF($V45="","",ROUND(($V45/$V$13)*$W$13,2))) | X45: =IF($W45="","",ROUND($W45*$X$13,2)) | AJ45: =IF(COUNT($Y45:$AI45)=0,"",SUM($Y45:$AI45)) | AK45: =IF(ISERROR(IF($AJ45="","",ROUND(($AJ45/$AJ$13)*$AK$13,2))),"",IF($AJ45="","",ROUND(($AJ45/$AJ$13)*$AK$13,2))) | AL45: =IF($AK45="","",ROUND($AK45*$AL$13,2)) | AN45: =IF(ISERROR(IF($AM45="","",ROUND(($AM45/$AM$13)*$AN$13,2))),"",IF($AM45="","",ROUND(($AM45/$AM$13)*$AN$13,2))) | AO45: =IF($AN45="","",ROUND($AN45*$AO$13,2)) | AP45: =IF(ISERROR(IF($AM45="","",ROUND(SUM($X45,$AL45,$AO45),2))),"",IF($AM45="","",ROUND(SUM($X45,$AL45,$AO45),2))) | AQ45: =IF(ISERROR(IF($AM45="","",VLOOKUP(AP45,TRANSMUTATION_TABLE,4,TRUE))),"",IF($AM45="","",VLOOKUP(AP45,TRANSMUTATION_TABLE,4,TRUE)))
V49: =IF(COUNT($F49:$U49)=0,"",SUM($F49:$U49)) | W49: =IF(ISERROR(IF($V49="","",ROUND(($V49/$V$13)*$W$13,2))),"",IF($V49="","",ROUND(($V49/$V$13)*$W$13,2))) | X49: =IF($W49="","",ROUND($W49*$X$13,2)) | AJ49: =IF(COUNT($Y49:$AI49)=0,"",SUM($Y49:$AI49)) | AK49: =IF(ISERROR(IF($AJ49="","",ROUND(($AJ49/$AJ$13)*$AK$13,2))),"",IF($AJ49="","",ROUND(($AJ49/$AJ$13)*$AK$13,2))) | AL49: =IF($AK49="","",ROUND($AK49*$AL$13,2)) | AN49: =IF(ISERROR(IF($AM49="","",ROUND(($AM49/$AM$13)*$AN$13,2))),"",IF($AM49="","",ROUND(($AM49/$AM$13)*$AN$13,2))) | AO49: =IF($AN49="","",ROUND($AN49*$AO$13,2)) | AP49: =IF(ISERROR(IF($AM49="","",ROUND(SUM($X49,$AL49,$AO49),2))),"",IF($AM49="","",ROUND(SUM($X49,$AL49,$AO49),2))) | AQ49: =IF(ISERROR(IF($AM49="","",VLOOKUP(AP49,TRANSMUTATION_TABLE,4,TRUE))),"",IF($AM49="","",VLOOKUP(AP49,TRANSMUTATION_TABLE,4,TRUE)))
V50: =IF(COUNT($F50:$U50)=0,"",SUM($F50:$U50)) | W50: =IF(ISERROR(IF($V50="","",ROUND(($V50/$V$13)*$W$13,2))),"",IF($V50="","",ROUND(($V50/$V$13)*$W$13,2))) | X50: =IF($W50="","",ROUND($W50*$X$13,2)) | AJ50: =IF(COUNT($Y50:$AI50)=0,"",SUM($Y50:$AI50)) | AK50: =IF(ISERROR(IF($AJ50="","",ROUND(($AJ50/$AJ$13)*$AK$13,2))),"",IF($AJ50="","",ROUND(($AJ50/$AJ$13)*$AK$13,2))) | AL50: =IF($AK50="","",ROUND($AK50*$AL$13,2)) | AN50: =IF(ISERROR(IF($AM50="","",ROUND(($AM50/$AM$13)*$AN$13,2))),"",IF($AM50="","",ROUND(($AM50/$AM$13)*$AN$13,2))) | AO50: =IF($AN50="","",ROUND($AN50*$AO$13,2)) | AP50: =IF(ISERROR(IF($AM50="","",ROUND(SUM($X50,$AL50,$AO50),2))),"",IF($AM50="","",ROUND(SUM($X50,$AL50,$AO50),2))) | AQ50: =IF(ISERROR(IF($AM50="","",VLOOKUP(AP50,TRANSMUTATION_TABLE,4,TRUE))),"",IF($AM50="","",VLOOKUP(AP50,TRANSMUTATION_TABLE,4,TRUE)))
V51: =IF(COUNT($F51:$U51)=0,"",SUM($F51:$U51)) | W51: =IF(ISERROR(IF($V51="","",ROUND(($V51/$V$13)*$W$13,2))),"",IF($V51="","",ROUND(($V51/$V$13)*$W$13,2))) | X51: =IF($W51="","",ROUND($W51*$X$13,2)) | AJ51: =IF(COUNT($Y51:$AI51)=0,"",SUM($Y51:$AI51)) | AK51: =IF(ISERROR(IF($AJ51="","",ROUND(($AJ51/$AJ$13)*$AK$13,2))),"",IF($AJ51="","",ROUND(($AJ51/$AJ$13)*$AK$13,2))) | AL51: =IF($AK51="","",ROUND($AK51*$AL$13,2)) | AN51: =IF(ISERROR(IF($AM51="","",ROUND(($AM51/$AM$13)*$AN$13,2))),"",IF($AM51="","",ROUND(($AM51/$AM$13)*$AN$13,2))) | AO51: =IF($AN51="","",ROUND($AN51*$AO$13,2)) | AP51: =IF(ISERROR(IF($AM51="","",ROUND(SUM($X51,$AL51,$AO51),2))),"",IF($AM51="","",ROUND(SUM($X51,$AL51,$AO51),2))) | AQ51: =IF(ISERROR(IF($AM51="","",VLOOKUP(AP51,TRANSMUTATION_TABLE,4,TRUE))),"",IF($AM51="","",VLOOKUP(AP51,TRANSMUTATION_TABLE,4,TRUE)))
V52: =IF(COUNT($F52:$U52)=0,"",SUM($F52:$U52)) | W52: =IF(ISERROR(IF($V52="","",ROUND(($V52/$V$13)*$W$13,2))),"",IF($V52="","",ROUND(($V52/$V$13)*$W$13,2))) | X52: =IF($W52="","",ROUND($W52*$X$13,2)) | AJ52: =IF(COUNT($Y52:$AI52)=0,"",SUM($Y52:$AI52)) | AK52: =IF(ISERROR(IF($AJ52="","",ROUND(($AJ52/$AJ$13)*$AK$13,2))),"",IF($AJ52="","",ROUND(($AJ52/$AJ$13)*$AK$13,2))) | AL52: =IF($AK52="","",ROUND($AK52*$AL$13,2)) | AN52: =IF(ISERROR(IF($AM52="","",ROUND(($AM52/$AM$13)*$AN$13,2))),"",IF($AM52="","",ROUND(($AM52/$AM$13)*$AN$13,2))) | AO52: =IF($AN52="","",ROUND($AN52*$AO$13,2)) | AP52: =IF(ISERROR(IF($AM52="","",ROUND(SUM($X52,$AL52,$AO52),2))),"",IF($AM52="","",ROUND(SUM($X52,$AL52,$AO52),2))) | AQ52: =IF(ISERROR(IF($AM52="","",VLOOKUP(AP52,TRANSMUTATION_TABLE,4,TRUE))),"",IF($AM52="","",VLOOKUP(AP52,TRANSMUTATION_TABLE,4,TRUE)))
V53: =IF(COUNT($F53:$U53)=0,"",SUM($F53:$U53)) | W53: =IF(ISERROR(IF($V53="","",ROUND(($V53/$V$13)*$W$13,2))),"",IF($V53="","",ROUND(($V53/$V$13)*$W$13,2))) | X53: =IF($W53="","",ROUND($W53*$X$13,2)) | AJ53: =IF(COUNT($Y53:$AI53)=0,"",SUM($Y53:$AI53)) | AK53: =IF(ISERROR(IF($AJ53="","",ROUND(($AJ53/$AJ$13)*$AK$13,2))),"",IF($AJ53="","",ROUND(($AJ53/$AJ$13)*$AK$13,2))) | AL53: =IF($AK53="","",ROUND($AK53*$AL$13,2)) | AN53: =IF(ISERROR(IF($AM53="","",ROUND(($AM53/$AM$13)*$AN$13,2))),"",IF($AM53="","",ROUND(($AM53/$AM$13)*$AN$13,2))) | AO53: =IF($AN53="","",ROUND($AN53*$AO$13,2)) | AP53: =IF(ISERROR(IF($AM53="","",ROUND(SUM($X53,$AL53,$AO53),2))),"",IF($AM53="","",ROUND(SUM($X53,$AL53,$AO53),2))) | AQ53: =IF(ISERROR(IF($AM53="","",VLOOKUP(AP53,TRANSMUTATION_TABLE,4,TRUE))),"",IF($AM53="","",VLOOKUP(AP53,TRANSMUTATION_TABLE,4,TRUE)))
A55: Class Record
A57: (Pursuant to Deped Order 8 series of 2015)
C58: REGION | G58: NCR | U58: DIVISION | V58: PARAÑAQUE | Z58: DISTRICT | AH58: VII
B60: SCHOOL NAME | G60: STO. NIÑO ELEMENTARY SCHOOL | Z60: SCHOOL ID | AH60: 136765 | AK60: SCHOOL YEAR | AN60: 2025 - 2026
A62: FIRST QUARTER | F62: GRADE & SECTION: | O62: V - MOLAVE | W62: TEACHER: | Y62: MRS. JANE DOE | AJ62: SUBJECT: | AL62: SCIENCE 5
B63: LEARNERS' NAMES | F63: WRITTEN WORKS (40%) | Y63: PERFORMANCE TASKS (40%) | AM63: QUARTERLY ASSESSMENT (20%) | AP63: Initial Grade | AQ63: Quarterly Grade
F64: SEATWORK | U64: Notebook | Y64: GROUP ACTIVITY | AI64: Recitation
F65: (Let's Recall, Let's Apply, Let's Analyze, Let's Try) | Y65: Let's Create | AM65: Periodic Test
F66: 1 | G66: 2 | H66: 3 | I66: 4 | J66: 5 | K66: 6 | L66: 7 | M66: 8 | N66: 9 | O66: 10 | P66: 11 | Q66: 12 | R66: 13 | S66: 14 | T66: 15 | U66: 1 | V66: Total | W66: PS | X66: WS | Y66: 1 | Z66: 2 | AA66: 3 | AB66: 4 | AC66: 5 | AD66: 6 | AE66: 7 | AF66: 8 | AG66: 9 | AH66: 10 | AI66: 1 | AJ66: Total | AK66: PS | AL66: WS | AM66: 1 | AN66: PS | AO66: WS
B67: HIGHEST POSSIBLE SCORE | V67: =IF(COUNT($F67:$U67)=0,"",SUM($F67:$U67)) | W67: 100 | X67: 0.4 | AJ67: =IF(COUNT($Y67:$AI67)=0,"",SUM($Y67:$AI67)) | AK67: 100 | AL67: 0.4 | AN67: 100 | AO67: 0.2
B68: FEMALE
A69: 1 | V69: =IF(COUNT($F69:$U69)=0,"",SUM($F69:$U69)) | W69: =IF(ISERROR(IF($V69="","",ROUND(($V69/$V$13)*$W$13,2))),"",IF($V69="","",ROUND(($V69/$V$13)*$W$13,2))) | X69: =IF($W69="","",ROUND($W69*$X$13,2)) | AJ69: =IF(COUNT($Y69:$AI69)=0,"",SUM($Y69:$AI69)) | AK69: =IF(ISERROR(IF($AJ69="","",ROUND(($AJ69/$AJ$13)*$AK$13,2))),"",IF($AJ69="","",ROUND(($AJ69/$AJ$13)*$AK$13,2))) | AL69: =IF($AK69="","",ROUND($AK69*$AL$13,2)) | AN69: =IF(ISERROR(IF($AM69="","",ROUND(($AM69/$AM$13)*$AN$13,2))),"",IF($AM69="","",ROUND(($AM69/$AM$13)*$AN$13,2))) | AO69: =IF($AN69="","",ROUND($AN69*$AO$13,2)) | AP69: =IF(ISERROR(IF($AM69="","",ROUND(SUM($X69,$AL69,$AO69),2))),"",IF($AM69="","",ROUND(SUM($X69,$AL69,$AO69),2))) | AQ69: =IF(ISERROR(IF($AM69="","",VLOOKUP(AP69,TRANSMUTATION_TABLE,4,TRUE))),"",IF($AM69="","",VLOOKUP(AP69,TRANSMUTATION_TABLE,4,TRUE))) | AT69: 60-69 | AU69: 78
A70: 2 | V70: =IF(COUNT($F70:$U70)=0,"",SUM($F70:$U70)) | W70: =IF(ISERROR(IF($V70="","",ROUND(($V70/$V$13)*$W$13,2))),"",IF($V70="","",ROUND(($V70/$V$13)*$W$13,2))) | X70: =IF($W70="","",ROUND($W70*$X$13,2)) | AJ70: =IF(COUNT($Y70:$AI70)=0,"",SUM($Y70:$AI70)) | AK70: =IF(ISERROR(IF($AJ70="","",ROUND(($AJ70/$AJ$13)*$AK$13,2))),"",IF($AJ70="","",ROUND(($AJ70/$AJ$13)*$AK$13,2))) | AL70: =IF($AK70="","",ROUND($AK70*$AL$13,2)) | AN70: =IF(ISERROR(IF($AM70="","",ROUND(($AM70/$AM$13)*$AN$13,2))),"",IF($AM70="","",ROUND(($AM70/$AM$13)*$AN$13,2))) | AO70: =IF($AN70="","",ROUND($AN70*$AO$13,2)) | AP70: =IF(ISERROR(IF($AM70="","",ROUND(SUM($X70,$AL70,$AO70),2))),"",IF($AM70="","",ROUND(SUM($X70,$AL70,$AO70),2))) | AQ70: =IF(ISERROR(IF($AM70="","",VLOOKUP(AP70,TRANSMUTATION_TABLE,4,TRUE))),"",IF($AM70="","",VLOOKUP(AP70,TRANSMUTATION_TABLE,4,TRUE))) | AT70: 70-74 | AU70: 79
A71: 3 | V71: =IF(COUNT($F71:$U71)=0,"",SUM($F71:$U71)) | W71: =IF(ISERROR(IF($V71="","",ROUND(($V71/$V$13)*$W$13,2))),"",IF($V71="","",ROUND(($V71/$V$13)*$W$13,2))) | X71: =IF($W71="","",ROUND($W71*$X$13,2)) | AJ71: =IF(COUNT($Y71:$AI71)=0,"",SUM($Y71:$AI71)) | AK71: =IF(ISERROR(IF($AJ71="","",ROUND(($AJ71/$AJ$13)*$AK$13,2))),"",IF($AJ71="","",ROUND(($AJ71/$AJ$13)*$AK$13,2))) | AL71: =IF($AK71="","",ROUND($AK71*$AL$13,2)) | AN71: =IF(ISERROR(IF($AM71="","",ROUND(($AM71/$AM$13)*$AN$13,2))),"",IF($AM71="","",ROUND(($AM71/$AM$13)*$AN$13,2))) | AO71: =IF($AN71="","",ROUND($AN71*$AO$13,2)) | AP71: =IF(ISERROR(IF($AM71="","",ROUND(SUM($X71,$AL71,$AO71),2))),"",IF($AM71="","",ROUND(SUM($X71,$AL71,$AO71),2))) | AQ71: =IF(ISERROR(IF($AM71="","",VLOOKUP(AP71,TRANSMUTATION_TABLE,4,TRUE))),"",IF($AM71="","",VLOOKUP(AP71,TRANSMUTATION_TABLE,4,TRUE))) | AT71: 75-79 | AU71: 80
A72: 4 | V72: =IF(COUNT($F72:$U72)=0,"",SUM($F72:$U72)) | W72: =IF(ISERROR(IF($V72="","",ROUND(($V72/$V$13)*$W$13,2))),"",IF($V72="","",ROUND(($V72/$V$13)*$W$13,2))) | X72: =IF($W72="","",ROUND($W72*$X$13,2)) | AJ72: =IF(COUNT($Y72:$AI72)=0,"",SUM($Y72:$AI72)) | AK72: =IF(ISERROR(IF($AJ72="","",ROUND(($AJ72/$AJ$13)*$AK$13,2))),"",IF($AJ72="","",ROUND(($AJ72/$AJ$13)*$AK$13,2))) | AL72: =IF($AK72="","",ROUND($AK72*$AL$13,2)) | AN72: =IF(ISERROR(IF($AM72="","",ROUND(($AM72/$AM$13)*$AN$13,2))),"",IF($AM72="","",ROUND(($AM72/$AM$13)*$AN$13,2))) | AO72: =IF($AN72="","",ROUND($AN72*$AO$13,2)) | AP72: =IF(ISERROR(IF($AM72="","",ROUND(SUM($X72,$AL72,$AO72),2))),"",IF($AM72="","",ROUND(SUM($X72,$AL72,$AO72),2))) | AQ72: =IF(ISERROR(IF($AM72="","",VLOOKUP(AP72,TRANSMUTATION_TABLE,4,TRUE))),"",IF($AM72="","",VLOOKUP(AP72,TRANSMUTATION_TABLE,4,TRUE))) | AT72: 80-84 | AU72: 85
A73: 5 | V73: =IF(COUNT($F73:$U73)=0,"",SUM($F73:$U73)) | W73: =IF(ISERROR(IF($V73="","",ROUND(($V73/$V$13)*$W$13,2))),"",IF($V73="","",ROUND(($V73/$V$13)*$W$13,2))) | X73: =IF($W73="","",ROUND($W73*$X$13,2)) | AJ73: =IF(COUNT($Y73:$AI73)=0,"",SUM($Y73:$AI73)) | AK73: =IF(ISERROR(IF($AJ73="","",ROUND(($AJ73/$AJ$13)*$AK$13,2))),"",IF($AJ73="","",ROUND(($AJ73/$AJ$13)*$AK$13,2))) | AL73: =IF($AK73="","",ROUND($AK73*$AL$13,2)) | AN73: =IF(ISERROR(IF($AM73="","",ROUND(($AM73/$AM$13)*$AN$13,2))),"",IF($AM73="","",ROUND(($AM73/$AM$13)*$AN$13,2))) | AO73: =IF($AN73="","",ROUND($AN73*$AO$13,2)) | AP73: =IF(ISERROR(IF($AM73="","",ROUND(SUM($X73,$AL73,$AO73),2))),"",IF($AM73="","",ROUND(SUM($X73,$AL73,$AO73),2))) | AQ73: =IF(ISERROR(IF($AM73="","",VLOOKUP(AP73,TRANSMUTATION_TABLE,4,TRUE))),"",IF($AM73="","",VLOOKUP(AP73,TRANSMUTATION_TABLE,4,TRUE))) | AT73: 85-88 | AU73: 89
A74: 6 | V74: =IF(COUNT($F74:$U74)=0,"",SUM($F74:$U74)) | W74: =IF(ISERROR(IF($V74="","",ROUND(($V74/$V$13)*$W$13,2))),"",IF($V74="","",ROUND(($V74/$V$13)*$W$13,2))) | X74: =IF($W74="","",ROUND($W74*$X$13,2)) | AJ74: =IF(COUNT($Y74:$AI74)=0,"",SUM($Y74:$AI74)) | AK74: =IF(ISERROR(IF($AJ74="","",ROUND(($AJ74/$AJ$13)*$AK$13,2))),"",IF($AJ74="","",ROUND(($AJ74/$AJ$13)*$AK$13,2))) | AL74: =IF($AK74="","",ROUND($AK74*$AL$13,2)) | AN74: =IF(ISERROR(IF($AM74="","",ROUND(($AM74/$AM$13)*$AN$13,2))),"",IF($AM74="","",ROUND(($AM74/$AM$13)*$AN$13,2))) | AO74: =IF($AN74="","",ROUND($AN74*$AO$13,2)) | AP74: =IF(ISERROR(IF($AM74="","",ROUND(SUM($X74,$AL74,$AO74),2))),"",IF($AM74="","",ROUND(SUM($X74,$AL74,$AO74),2))) | AQ74: =IF(ISERROR(IF($AM74="","",VLOOKUP(AP74,TRANSMUTATION_TABLE,4,TRUE))),"",IF($AM74="","",VLOOKUP(AP74,TRANSMUTATION_TABLE,4,TRUE))) | AT74: 89-91 | AU74: 92
A75: 7 | V75: =IF(COUNT($F75:$U75)=0,"",SUM($F75:$U75)) | W75: =IF(ISERROR(IF($V75="","",ROUND(($V75/$V$13)*$W$13,2))),"",IF($V75="","",ROUND(($V75/$V$13)*$W$13,2))) | X75: =IF($W75="","",ROUND($W75*$X$13,2)) | AJ75: =IF(COUNT($Y75:$AI75)=0,"",SUM($Y75:$AI75)) | AK75: =IF(ISERROR(IF($AJ75="","",ROUND(($AJ75/$AJ$13)*$AK$13,2))),"",IF($AJ75="","",ROUND(($AJ75/$AJ$13)*$AK$13,2))) | AL75: =IF($AK75="","",ROUND($AK75*$AL$13,2)) | AN75: =IF(ISERROR(IF($AM75="","",ROUND(($AM75/$AM$13)*$AN$13,2))),"",IF($AM75="","",ROUND(($AM75/$AM$13)*$AN$13,2))) | AO75: =IF($AN75="","",ROUND($AN75*$AO$13,2)) | AP75: =IF(ISERROR(IF($AM75="","",ROUND(SUM($X75,$AL75,$AO75),2))),"",IF($AM75="","",ROUND(SUM($X75,$AL75,$AO75),2))) | AQ75: =IF(ISERROR(IF($AM75="","",VLOOKUP(AP75,TRANSMUTATION_TABLE,4,TRUE))),"",IF($AM75="","",VLOOKUP(AP75,TRANSMUTATION_TABLE,4,TRUE)))
A76: 8 | V76: =IF(COUNT($F76:$U76)=0,"",SUM($F76:$U76)) | W76: =IF(ISERROR(IF($V76="","",ROUND(($V76/$V$13)*$W$13,2))),"",IF($V76="","",ROUND(($V76/$V$13)*$W$13,2))) | X76: =IF($W76="","",ROUND($W76*$X$13,2)) | AJ76: =IF(COUNT($Y76:$AI76)=0,"",SUM($Y76:$AI76)) | AK76: =IF(ISERROR(IF($AJ76="","",ROUND(($AJ76/$AJ$13)*$AK$13,2))),"",IF($AJ76="","",ROUND(($AJ76/$AJ$13)*$AK$13,2))) | AL76: =IF($AK76="","",ROUND($AK76*$AL$13,2)) | AN76: =IF(ISERROR(IF($AM76="","",ROUND(($AM76/$AM$13)*$AN$13,2))),"",IF($AM76="","",ROUND(($AM76/$AM$13)*$AN$13,2))) | AO76: =IF($AN76="","",ROUND($AN76*$AO$13,2)) | AP76: =IF(ISERROR(IF($AM76="","",ROUND(SUM($X76,$AL76,$AO76),2))),"",IF($AM76="","",ROUND(SUM($X76,$AL76,$AO76),2))) | AQ76: =IF(ISERROR(IF($AM76="","",VLOOKUP(AP76,TRANSMUTATION_TABLE,4,TRUE))),"",IF($AM76="","",VLOOKUP(AP76,TRANSMUTATION_TABLE,4,TRUE)))
A77: 9 | V77: =IF(COUNT($F77:$U77)=0,"",SUM($F77:$U77)) | W77: =IF(ISERROR(IF($V77="","",ROUND(($V77/$V$13)*$W$13,2))),"",IF($V77="","",ROUND(($V77/$V$13)*$W$13,2))) | X77: =IF($W77="","",ROUND($W77*$X$13,2)) | AJ77: =IF(COUNT($Y77:$AI77)=0,"",SUM($Y77:$AI77)) | AK77: =IF(ISERROR(IF($AJ77="","",ROUND(($AJ77/$AJ$13)*$AK$13,2))),"",IF($AJ77="","",ROUND(($AJ77/$AJ$13)*$AK$13,2))) | AL77: =IF($AK77="","",ROUND($AK77*$AL$13,2)) | AN77: =IF(ISERROR(IF($AM77="","",ROUND(($AM77/$AM$13)*$AN$13,2))),"",IF($AM77="","",ROUND(($AM77/$AM$13)*$AN$13,2))) | AO77: =IF($AN77="","",ROUND($AN77*$AO$13,2)) | AP77: =IF(ISERROR(IF($AM77="","",ROUND(SUM($X77,$AL77,$AO77),2))),"",IF($AM77="","",ROUND(SUM($X77,$AL77,$AO77),2))) | AQ77: =IF(ISERROR(IF($AM77="","",VLOOKUP(AP77,TRANSMUTATION_TABLE,4,TRUE))),"",IF($AM77="","",VLOOKUP(AP77,TRANSMUTATION_TABLE,4,TRUE)))
A78: 10 | V78: =IF(COUNT($F78:$U78)=0,"",SUM($F78:$U78)) | W78: =IF(ISERROR(IF($V78="","",ROUND(($V78/$V$13)*$W$13,2))),"",IF($V78="","",ROUND(($V78/$V$13)*$W$13,2))) | X78: =IF($W78="","",ROUND($W78*$X$13,2)) | AJ78: =IF(COUNT($Y78:$AI78)=0,"",SUM($Y78:$AI78)) | AK78: =IF(ISERROR(IF($AJ78="","",ROUND(($AJ78/$AJ$13)*$AK$13,2))),"",IF($AJ78="","",ROUND(($AJ78/$AJ$13)*$AK$13,2))) | AL78: =IF($AK78="","",ROUND($AK78*$AL$13,2)) | AN78: =IF(ISERROR(IF($AM78="","",ROUND(($AM78/$AM$13)*$AN$13,2))),"",IF($AM78="","",ROUND(($AM78/$AM$13)*$AN$13,2))) | AO78: =IF($AN78="","",ROUND($AN78*$AO$13,2)) | AP78: =IF(ISERROR(IF($AM78="","",ROUND(SUM($X78,$AL78,$AO78),2))),"",IF($AM78="","",ROUND(SUM($X78,$AL78,$AO78),2))) | AQ78: =IF(ISERROR(IF($AM78="","",VLOOKUP(AP78,TRANSMUTATION_TABLE,4,TRUE))),"",IF($AM78="","",VLOOKUP(AP78,TRANSMUTATION_TABLE,4,TRUE)))
A79: 11 | V79: =IF(COUNT($F79:$U79)=0,"",SUM($F79:$U79)) | W79: =IF(ISERROR(IF($V79="","",ROUND(($V79/$V$13)*$W$13,2))),"",IF($V79="","",ROUND(($V79/$V$13)*$W$13,2))) | X79: =IF($W79="","",ROUND($W79*$X$13,2)) | AJ79: =IF(COUNT($Y79:$AI79)=0,"",SUM($Y79:$AI79)) | AK79: =IF(ISERROR(IF($AJ79="","",ROUND(($AJ79/$AJ$13)*$AK$13,2))),"",IF($AJ79="","",ROUND(($AJ79/$AJ$13)*$AK$13,2))) | AL79: =IF($AK79="","",ROUND($AK79*$AL$13,2)) | AN79: =IF(ISERROR(IF($AM79="","",ROUND(($AM79/$AM$13)*$AN$13,2))),"",IF($AM79="","",ROUND(($AM79/$AM$13)*$AN$13,2))) | AO79: =IF($AN79="","",ROUND($AN79*$AO$13,2)) | AP79: =IF(ISERROR(IF($AM79="","",ROUND(SUM($X79,$AL79,$AO79),2))),"",IF($AM79="","",ROUND(SUM($X79,$AL79,$AO79),2))) | AQ79: =IF(ISERROR(IF($AM79="","",VLOOKUP(AP79,TRANSMUTATION_TABLE,4,TRUE))),"",IF($AM79="","",VLOOKUP(AP79,TRANSMUTATION_TABLE,4,TRUE)))
A80: 12 | V80: =IF(COUNT($F80:$U80)=0,"",SUM($F80:$U80)) | W80: =IF(ISERROR(IF($V80="","",ROUND(($V80/$V$13)*$W$13,2))),"",IF($V80="","",ROUND(($V80/$V$13)*$W$13,2))) | X80: =IF($W80="","",ROUND($W80*$X$13,2)) | AJ80: =IF(COUNT($Y80:$AI80)=0,"",SUM($Y80:$AI80)) | AK80: =IF(ISERROR(IF($AJ80="","",ROUND(($AJ80/$AJ$13)*$AK$13,2))),"",IF($AJ80="","",ROUND(($AJ80/$AJ$13)*$AK$13,2))) | AL80: =IF($AK80="","",ROUND($AK80*$AL$13,2)) | AN80: =IF(ISERROR(IF($AM80="","",ROUND(($AM80/$AM$13)*$AN$13,2))),"",IF($AM80="","",ROUND(($AM80/$AM$13)*$AN$13,2))) | AO80: =IF($AN80="","",ROUND($AN80*$AO$13,2)) | AP80: =IF(ISERROR(IF($AM80="","",ROUND(SUM($X80,$AL80,$AO80),2))),"",IF($AM80="","",ROUND(SUM($X80,$AL80,$AO80),2))) | AQ80: =IF(ISERROR(IF($AM80="","",VLOOKUP(AP80,TRANSMUTATION_TABLE,4,TRUE))),"",IF($AM80="","",VLOOKUP(AP80,TRANSMUTATION_TABLE,4,TRUE)))
A81: 13 | V81: =IF(COUNT($F81:$U81)=0,"",SUM($F81:$U81)) | W81: =IF(ISERROR(IF($V81="","",ROUND(($V81/$V$13)*$W$13,2))),"",IF($V81="","",ROUND(($V81/$V$13)*$W$13,2))) | X81: =IF($W81="","",ROUND($W81*$X$13,2)) | AJ81: =IF(COUNT($Y81:$AI81)=0,"",SUM($Y81:$AI81)) | AK81: =IF(ISERROR(IF($AJ81="","",ROUND(($AJ81/$AJ$13)*$AK$13,2))),"",IF($AJ81="","",ROUND(($AJ81/$AJ$13)*$AK$13,2))) | AL81: =IF($AK81="","",ROUND($AK81*$AL$13,2)) | AN81: =IF(ISERROR(IF($AM81="","",ROUND(($AM81/$AM$13)*$AN$13,2))),"",IF($AM81="","",ROUND(($AM81/$AM$13)*$AN$13,2))) | AO81: =IF($AN81="","",ROUND($AN81*$AO$13,2)) | AP81: =IF(ISERROR(IF($AM81="","",ROUND(SUM($X81,$AL81,$AO81),2))),"",IF($AM81="","",ROUND(SUM($X81,$AL81,$AO81),2))) | AQ81: =IF(ISERROR(IF($AM81="","",VLOOKUP(AP81,TRANSMUTATION_TABLE,4,TRUE))),"",IF($AM81="","",VLOOKUP(AP81,TRANSMUTATION_TABLE,4,TRUE)))
A82: 14 | V82: =IF(COUNT($F82:$U82)=0,"",SUM($F82:$U82)) | W82: =IF(ISERROR(IF($V82="","",ROUND(($V82/$V$13)*$W$13,2))),"",IF($V82="","",ROUND(($V82/$V$13)*$W$13,2))) | X82: =IF($W82="","",ROUND($W82*$X$13,2)) | AJ82: =IF(COUNT($Y82:$AI82)=0,"",SUM($Y82:$AI82)) | AK82: =IF(ISERROR(IF($AJ82="","",ROUND(($AJ82/$AJ$13)*$AK$13,2))),"",IF($AJ82="","",ROUND(($AJ82/$AJ$13)*$AK$13,2))) | AL82: =IF($AK82="","",ROUND($AK82*$AL$13,2)) | AN82: =IF(ISERROR(IF($AM82="","",ROUND(($AM82/$AM$13)*$AN$13,2))),"",IF($AM82="","",ROUND(($AM82/$AM$13)*$AN$13,2))) | AO82: =IF($AN82="","",ROUND($AN82*$AO$13,2)) | AP82: =IF(ISERROR(IF($AM82="","",ROUND(SUM($X82,$AL82,$AO82),2))),"",IF($AM82="","",ROUND(SUM($X82,$AL82,$AO82),2))) | AQ82: =IF(ISERROR(IF($AM82="","",VLOOKUP(AP82,TRANSMUTATION_TABLE,4,TRUE))),"",IF($AM82="","",VLOOKUP(AP82,TRANSMUTATION_TABLE,4,TRUE)))
A83: 15 | V83: =IF(COUNT($F83:$U83)=0,"",SUM($F83:$U83)) | W83: =IF(ISERROR(IF($V83="","",ROUND(($V83/$V$13)*$W$13,2))),"",IF($V83="","",ROUND(($V83/$V$13)*$W$13,2))) | X83: =IF($W83="","",ROUND($W83*$X$13,2)) | AJ83: =IF(COUNT($Y83:$AI83)=0,"",SUM($Y83:$AI83)) | AK83: =IF(ISERROR(IF($AJ83="","",ROUND(($AJ83/$AJ$13)*$AK$13,2))),"",IF($AJ83="","",ROUND(($AJ83/$AJ$13)*$AK$13,2))) | AL83: =IF($AK83="","",ROUND($AK83*$AL$13,2)) | AN83: =IF(ISERROR(IF($AM83="","",ROUND(($AM83/$AM$13)*$AN$13,2))),"",IF($AM83="","",ROUND(($AM83/$AM$13)*$AN$13,2))) | AO83: =IF($AN83="","",ROUND($AN83*$AO$13,2)) | AP83: =IF(ISERROR(IF($AM83="","",ROUND(SUM($X83,$AL83,$AO83),2))),"",IF($AM83="","",ROUND(SUM($X83,$AL83,$AO83),2))) | AQ83: =IF(ISERROR(IF($AM83="","",VLOOKUP(AP83,TRANSMUTATION_TABLE,4,TRUE))),"",IF($AM83="","",VLOOKUP(AP83,TRANSMUTATION_TABLE,4,TRUE)))
A84: 16 | V84: =IF(COUNT($F84:$U84)=0,"",SUM($F84:$U84)) | W84: =IF(ISERROR(IF($V84="","",ROUND(($V84/$V$13)*$W$13,2))),"",IF($V84="","",ROUND(($V84/$V$13)*$W$13,2))) | X84: =IF($W84="","",ROUND($W84*$X$13,2)) | AJ84: =IF(COUNT($Y84:$AI84)=0,"",SUM($Y84:$AI84)) | AK84: =IF(ISERROR(IF($AJ84="","",ROUND(($AJ84/$AJ$13)*$AK$13,2))),"",IF($AJ84="","",ROUND(($AJ84/$AJ$13)*$AK$13,2))) | AL84: =IF($AK84="","",ROUND($AK84*$AL$13,2)) | AN84: =IF(ISERROR(IF($AM84="","",ROUND(($AM84/$AM$13)*$AN$13,2))),"",IF($AM84="","",ROUND(($AM84/$AM$13)*$AN$13,2))) | AO84: =IF($AN84="","",ROUND($AN84*$AO$13,2)) | AP84: =IF(ISERROR(IF($AM84="","",ROUND(SUM($X84,$AL84,$AO84),2))),"",IF($AM84="","",ROUND(SUM($X84,$AL84,$AO84),2))) | AQ84: =IF(ISERROR(IF($AM84="","",VLOOKUP(AP84,TRANSMUTATION_TABLE,4,TRUE))),"",IF($AM84="","",VLOOKUP(AP84,TRANSMUTATION_TABLE,4,TRUE)))
A85: 17 | V85: =IF(COUNT($F85:$U85)=0,"",SUM($F85:$U85)) | W85: =IF(ISERROR(IF($V85="","",ROUND(($V85/$V$13)*$W$13,2))),"",IF($V85="","",ROUND(($V85/$V$13)*$W$13,2))) | X85: =IF($W85="","",ROUND($W85*$X$13,2)) | AJ85: =IF(COUNT($Y85:$AI85)=0,"",SUM($Y85:$AI85)) | AK85: =IF(ISERROR(IF($AJ85="","",ROUND(($AJ85/$AJ$13)*$AK$13,2))),"",IF($AJ85="","",ROUND(($AJ85/$AJ$13)*$AK$13,2))) | AL85: =IF($AK85="","",ROUND($AK85*$AL$13,2)) | AN85: =IF(ISERROR(IF($AM85="","",ROUND(($AM85/$AM$13)*$AN$13,2))),"",IF($AM85="","",ROUND(($AM85/$AM$13)*$AN$13,2))) | AO85: =IF($AN85="","",ROUND($AN85*$AO$13,2)) | AP85: =IF(ISERROR(IF($AM85="","",ROUND(SUM($X85,$AL85,$AO85),2))),"",IF($AM85="","",ROUND(SUM($X85,$AL85,$AO85),2))) | AQ85: =IF(ISERROR(IF($AM85="","",VLOOKUP(AP85,TRANSMUTATION_TABLE,4,TRUE))),"",IF($AM85="","",VLOOKUP(AP85,TRANSMUTATION_TABLE,4,TRUE)))
A86: 18 | V86: =IF(COUNT($F86:$U86)=0,"",SUM($F86:$U86)) | W86: =IF(ISERROR(IF($V86="","",ROUND(($V86/$V$13)*$W$13,2))),"",IF($V86="","",ROUND(($V86/$V$13)*$W$13,2))) | X86: =IF($W86="","",ROUND($W86*$X$13,2)) | AJ86: =IF(COUNT($Y86:$AI86)=0,"",SUM($Y86:$AI86)) | AK86: =IF(ISERROR(IF($AJ86="","",ROUND(($AJ86/$AJ$13)*$AK$13,2))),"",IF($AJ86="","",ROUND(($AJ86/$AJ$13)*$AK$13,2))) | AL86: =IF($AK86="","",ROUND($AK86*$AL$13,2)) | AN86: =IF(ISERROR(IF($AM86="","",ROUND(($AM86/$AM$13)*$AN$13,2))),"",IF($AM86="","",ROUND(($AM86/$AM$13)*$AN$13,2))) | AO86: =IF($AN86="","",ROUND($AN86*$AO$13,2)) | AP86: =IF(ISERROR(IF($AM86="","",ROUND(SUM($X86,$AL86,$AO86),2))),"",IF($AM86="","",ROUND(SUM($X86,$AL86,$AO86),2))) | AQ86: =IF(ISERROR(IF($AM86="","",VLOOKUP(AP86,TRANSMUTATION_TABLE,4,TRUE))),"",IF($AM86="","",VLOOKUP(AP86,TRANSMUTATION_TABLE,4,TRUE)))
... A90: 22 | V90: =IF(COUNT($F90:$U90)=0,"",SUM($F90:$U90)) | W90: =IF(ISERROR(IF($V90="","",ROUND(($V90/$V$13)*$W$13,2))),"",IF($V90="","",ROUND(($V90/$V$13)*$W$13,2))) | X90: =IF($W90="","",ROUND($W90*$X$13,2)) | AJ90: =IF(COUNT($Y90:$AI90)=0,"",SUM($Y90:$AI90)) | AK90: =IF(ISERROR(IF($AJ90="","",ROUND(($AJ90/$AJ$13)*$AK$13,2))),"",IF($AJ90="","",ROUND(($AJ90/$AJ$13)*$AK$13,2))) | AL90: =IF($AK90="","",ROUND($AK90*$AL$13,2)) | AN90: =IF(ISERROR(IF($AM90="","",ROUND(($AM90/$AM$13)*$AN$13,2))),"",IF($AM90="","",ROUND(($AM90/$AM$13)*$AN$13,2))) | AO90: =IF($AN90="","",ROUND($AN90*$AO$13,2)) | AP90: =IF(ISERROR(IF($AM90="","",ROUND(SUM($X90,$AL90,$AO90),2))),"",IF($AM90="","",ROUND(SUM($X90,$AL90,$AO90),2))) | AQ90: =IF(ISERROR(IF($AM90="","",VLOOKUP(AP90,TRANSMUTATION_TABLE,4,TRUE))),"",IF($AM90="","",VLOOKUP(AP90,TRANSMUTATION_TABLE,4,TRUE)))
V91: =IF(COUNT($F91:$U91)=0,"",SUM($F91:$U91)) | W91: =IF(ISERROR(IF($V91="","",ROUND(($V91/$V$13)*$W$13,2))),"",IF($V91="","",ROUND(($V91/$V$13)*$W$13,2))) | X91: =IF($W91="","",ROUND($W91*$X$13,2)) | AJ91: =IF(COUNT($Y91:$AI91)=0,"",SUM($Y91:$AI91)) | AK91: =IF(ISERROR(IF($AJ91="","",ROUND(($AJ91/$AJ$13)*$AK$13,2))),"",IF($AJ91="","",ROUND(($AJ91/$AJ$13)*$AK$13,2))) | AL91: =IF($AK91="","",ROUND($AK91*$AL$13,2)) | AN91: =IF(ISERROR(IF($AM91="","",ROUND(($AM91/$AM$13)*$AN$13,2))),"",IF($AM91="","",ROUND(($AM91/$AM$13)*$AN$13,2))) | AO91: =IF($AN91="","",ROUND($AN91*$AO$13,2)) | AP91: =IF(ISERROR(IF($AM91="","",ROUND(SUM($X91,$AL91,$AO91),2))),"",IF($AM91="","",ROUND(SUM($X91,$AL91,$AO91),2))) | AQ91: =IF(ISERROR(IF($AM91="","",VLOOKUP(AP91,TRANSMUTATION_TABLE,4,TRUE))),"",IF($AM91="","",VLOOKUP(AP91,TRANSMUTATION_TABLE,4,TRUE)))
V92: =IF(COUNT($F92:$U92)=0,"",SUM($F92:$U92)) | W92: =IF(ISERROR(IF($V92="","",ROUND(($V92/$V$13)*$W$13,2))),"",IF($V92="","",ROUND(($V92/$V$13)*$W$13,2))) | X92: =IF($W92="","",ROUND($W92*$X$13,2)) | AJ92: =IF(COUNT($Y92:$AI92)=0,"",SUM($Y92:$AI92)) | AK92: =IF(ISERROR(IF($AJ92="","",ROUND(($AJ92/$AJ$13)*$AK$13,2))),"",IF($AJ92="","",ROUND(($AJ92/$AJ$13)*$AK$13,2))) | AL92: =IF($AK92="","",ROUND($AK92*$AL$13,2)) | AN92: =IF(ISERROR(IF($AM92="","",ROUND(($AM92/$AM$13)*$AN$13,2))),"",IF($AM92="","",ROUND(($AM92/$AM$13)*$AN$13,2))) | AO92: =IF($AN92="","",ROUND($AN92*$AO$13,2)) | AP92: =IF(ISERROR(IF($AM92="","",ROUND(SUM($X92,$AL92,$AO92),2))),"",IF($AM92="","",ROUND(SUM($X92,$AL92,$AO92),2))) | AQ92: =IF(ISERROR(IF($AM92="","",VLOOKUP(AP92,TRANSMUTATION_TABLE,4,TRUE))),"",IF($AM92="","",VLOOKUP(AP92,TRANSMUTATION_TABLE,4,TRUE)))
V93: =IF(COUNT($F93:$U93)=0,"",SUM($F93:$U93)) | W93: =IF(ISERROR(IF($V93="","",ROUND(($V93/$V$13)*$W$13,2))),"",IF($V93="","",ROUND(($V93/$V$13)*$W$13,2))) | X93: =IF($W93="","",ROUND($W93*$X$13,2)) | AJ93: =IF(COUNT($Y93:$AI93)=0,"",SUM($Y93:$AI93)) | AK93: =IF(ISERROR(IF($AJ93="","",ROUND(($AJ93/$AJ$13)*$AK$13,2))),"",IF($AJ93="","",ROUND(($AJ93/$AJ$13)*$AK$13,2))) | AL93: =IF($AK93="","",ROUND($AK93*$AL$13,2)) | AN93: =IF(ISERROR(IF($AM93="","",ROUND(($AM93/$AM$13)*$AN$13,2))),"",IF($AM93="","",ROUND(($AM93/$AM$13)*$AN$13,2))) | AO93: =IF($AN93="","",ROUND($AN93*$AO$13,2)) | AP93: =IF(ISERROR(IF($AM93="","",ROUND(SUM($X93,$AL93,$AO93),2))),"",IF($AM93="","",ROUND(SUM($X93,$AL93,$AO93),2))) | AQ93: =IF(ISERROR(IF($AM93="","",VLOOKUP(AP93,TRANSMUTATION_TABLE,4,TRUE))),"",IF($AM93="","",VLOOKUP(AP93,TRANSMUTATION_TABLE,4,TRUE)))
V94: =IF(COUNT($F94:$U94)=0,"",SUM($F94:$U94)) | W94: =IF(ISERROR(IF($V94="","",ROUND(($V94/$V$13)*$W$13,2))),"",IF($V94="","",ROUND(($V94/$V$13)*$W$13,2))) | X94: =IF($W94="","",ROUND($W94*$X$13,2)) | AJ94: =IF(COUNT($Y94:$AI94)=0,"",SUM($Y94:$AI94)) | AK94: =IF(ISERROR(IF($AJ94="","",ROUND(($AJ94/$AJ$13)*$AK$13,2))),"",IF($AJ94="","",ROUND(($AJ94/$AJ$13)*$AK$13,2))) | AL94: =IF($AK94="","",ROUND($AK94*$AL$13,2)) | AN94: =IF(ISERROR(IF($AM94="","",ROUND(($AM94/$AM$13)*$AN$13,2))),"",IF($AM94="","",ROUND(($AM94/$AM$13)*$AN$13,2))) | AO94: =IF($AN94="","",ROUND($AN94*$AO$13,2)) | AP94: =IF(ISERROR(IF($AM94="","",ROUND(SUM($X94,$AL94,$AO94),2))),"",IF($AM94="","",ROUND(SUM($X94,$AL94,$AO94),2))) | AQ94: =IF(ISERROR(IF($AM94="","",VLOOKUP(AP94,TRANSMUTATION_TABLE,4,TRUE))),"",IF($AM94="","",VLOOKUP(AP94,TRANSMUTATION_TABLE,4,TRUE)))
V95: =IF(COUNT($F95:$U95)=0,"",SUM($F95:$U95)) | W95: =IF(ISERROR(IF($V95="","",ROUND(($V95/$V$13)*$W$13,2))),"",IF($V95="","",ROUND(($V95/$V$13)*$W$13,2))) | X95: =IF($W95="","",ROUND($W95*$X$13,2)) | AJ95: =IF(COUNT($Y95:$AI95)=0,"",SUM($Y95:$AI95)) | AK95: =IF(ISERROR(IF($AJ95="","",ROUND(($AJ95/$AJ$13)*$AK$13,2))),"",IF($AJ95="","",ROUND(($AJ95/$AJ$13)*$AK$13,2))) | AL95: =IF($AK95="","",ROUND($AK95*$AL$13,2)) | AN95: =IF(ISERROR(IF($AM95="","",ROUND(($AM95/$AM$13)*$AN$13,2))),"",IF($AM95="","",ROUND(($AM95/$AM$13)*$AN$13,2))) | AO95: =IF($AN95="","",ROUND($AN95*$AO$13,2)) | AP95: =IF(ISERROR(IF($AM95="","",ROUND(SUM($X95,$AL95,$AO95),2))),"",IF($AM95="","",ROUND(SUM($X95,$AL95,$AO95),2)))
V96: =IF(COUNT($F96:$U96)=0,"",SUM($F96:$U96)) | W96: =IF(ISERROR(IF($V96="","",ROUND(($V96/$V$13)*$W$13,2))),"",IF($V96="","",ROUND(($V96/$V$13)*$W$13,2))) | X96: =IF($W96="","",ROUND($W96*$X$13,2)) | AJ96: =IF(COUNT($Y96:$AI96)=0,"",SUM($Y96:$AI96)) | AK96: =IF(ISERROR(IF($AJ96="","",ROUND(($AJ96/$AJ$13)*$AK$13,2))),"",IF($AJ96="","",ROUND(($AJ96/$AJ$13)*$AK$13,2))) | AL96: =IF($AK96="","",ROUND($AK96*$AL$13,2)) | AN96: =IF(ISERROR(IF($AM96="","",ROUND(($AM96/$AM$13)*$AN$13,2))),"",IF($AM96="","",ROUND(($AM96/$AM$13)*$AN$13,2))) | AO96: =IF($AN96="","",ROUND($AN96*$AO$13,2)) | AP96: =IF(ISERROR(IF($AM96="","",ROUND(SUM($X96,$AL96,$AO96),2))),"",IF($AM96="","",ROUND(SUM($X96,$AL96,$AO96),2)))
V97: =IF(COUNT($F97:$U97)=0,"",SUM($F97:$U97)) | W97: =IF(ISERROR(IF($V97="","",ROUND(($V97/$V$13)*$W$13,2))),"",IF($V97="","",ROUND(($V97/$V$13)*$W$13,2))) | X97: =IF($W97="","",ROUND($W97*$X$13,2)) | AJ97: =IF(COUNT($Y97:$AI97)=0,"",SUM($Y97:$AI97)) | AK97: =IF(ISERROR(IF($AJ97="","",ROUND(($AJ97/$AJ$13)*$AK$13,2))),"",IF($AJ97="","",ROUND(($AJ97/$AJ$13)*$AK$13,2))) | AL97: =IF($AK97="","",ROUND($AK97*$AL$13,2)) | AN97: =IF(ISERROR(IF($AM97="","",ROUND(($AM97/$AM$13)*$AN$13,2))),"",IF($AM97="","",ROUND(($AM97/$AM$13)*$AN$13,2))) | AO97: =IF($AN97="","",ROUND($AN97*$AO$13,2)) | AP97: =IF(ISERROR(IF($AM97="","",ROUND(SUM($X97,$AL97,$AO97),2))),"",IF($AM97="","",ROUND(SUM($X97,$AL97,$AO97),2))) | AQ97: =IF(ISERROR(IF($AM97="","",VLOOKUP(AP97,TRANSMUTATION_TABLE,4,TRUE))),"",IF($AM97="","",VLOOKUP(AP97,TRANSMUTATION_TABLE,4,TRUE)))
V98: =IF(COUNT($F98:$U98)=0,"",SUM($F98:$U98)) | W98: =IF(ISERROR(IF($V98="","",ROUND(($V98/$V$13)*$W$13,2))),"",IF($V98="","",ROUND(($V98/$V$13)*$W$13,2))) | X98: =IF($W98="","",ROUND($W98*$X$13,2)) | AJ98: =IF(COUNT($Y98:$AI98)=0,"",SUM($Y98:$AI98)) | AK98: =IF(ISERROR(IF($AJ98="","",ROUND(($AJ98/$AJ$13)*$AK$13,2))),"",IF($AJ98="","",ROUND(($AJ98/$AJ$13)*$AK$13,2))) | AL98: =IF($AK98="","",ROUND($AK98*$AL$13,2)) | AN98: =IF(ISERROR(IF($AM98="","",ROUND(($AM98/$AM$13)*$AN$13,2))),"",IF($AM98="","",ROUND(($AM98/$AM$13)*$AN$13,2))) | AO98: =IF($AN98="","",ROUND($AN98*$AO$13,2)) | AP98: =IF(ISERROR(IF($AM98="","",ROUND(SUM($X98,$AL98,$AO98),2))),"",IF($AM98="","",ROUND(SUM($X98,$AL98,$AO98),2))) | AQ98: =IF(ISERROR(IF($AM98="","",VLOOKUP(AP98,TRANSMUTATION_TABLE,4,TRUE))),"",IF($AM98="","",VLOOKUP(AP98,TRANSMUTATION_TABLE,4,TRUE)))
V99: =IF(COUNT($F99:$U99)=0,"",SUM($F99:$U99)) | W99: =IF(ISERROR(IF($V99="","",ROUND(($V99/$V$13)*$W$13,2))),"",IF($V99="","",ROUND(($V99/$V$13)*$W$13,2))) | X99: =IF($W99="","",ROUND($W99*$X$13,2)) | AJ99: =IF(COUNT($Y99:$AI99)=0,"",SUM($Y99:$AI99)) | AK99: =IF(ISERROR(IF($AJ99="","",ROUND(($AJ99/$AJ$13)*$AK$13,2))),"",IF($AJ99="","",ROUND(($AJ99/$AJ$13)*$AK$13,2))) | AL99: =IF($AK99="","",ROUND($AK99*$AL$13,2)) | AN99: =IF(ISERROR(IF($AM99="","",ROUND(($AM99/$AM$13)*$AN$13,2))),"",IF($AM99="","",ROUND(($AM99/$AM$13)*$AN$13,2))) | AO99: =IF($AN99="","",ROUND($AN99*$AO$13,2)) | AP99: =IF(ISERROR(IF($AM99="","",ROUND(SUM($X99,$AL99,$AO99),2))),"",IF($AM99="","",ROUND(SUM($X99,$AL99,$AO99),2))) | AQ99: =IF(ISERROR(IF($AM99="","",VLOOKUP(AP99,TRANSMUTATION_TABLE,4,TRUE))),"",IF($AM99="","",VLOOKUP(AP99,TRANSMUTATION_TABLE,4,TRUE)))
V103: =IF(COUNT($F103:$U103)=0,"",SUM($F103:$U103)) | W103: =IF(ISERROR(IF($V103="","",ROUND(($V103/$V$13)*$W$13,2))),"",IF($V103="","",ROUND(($V103/$V$13)*$W$13,2))) | X103: =IF($W103="","",ROUND($W103*$X$13,2)) | AJ103: =IF(COUNT($Y103:$AI103)=0,"",SUM($Y103:$AI103)) | AK103: =IF(ISERROR(IF($AJ103="","",ROUND(($AJ103/$AJ$13)*$AK$13,2))),"",IF($AJ103="","",ROUND(($AJ103/$AJ$13)*$AK$13,2))) | AL103: =IF($AK103="","",ROUND($AK103*$AL$13,2)) | AN103: =IF(ISERROR(IF($AM103="","",ROUND(($AM103/$AM$13)*$AN$13,2))),"",IF($AM103="","",ROUND(($AM103/$AM$13)*$AN$13,2))) | AO103: =IF($AN103="","",ROUND($AN103*$AO$13,2)) | AP103: =IF(ISERROR(IF($AM103="","",ROUND(SUM($X103,$AL103,$AO103),2))),"",IF($AM103="","",ROUND(SUM($X103,$AL103,$AO103),2))) | AQ103: =IF(ISERROR(IF($AM103="","",VLOOKUP(AP103,TRANSMUTATION_TABLE,4,TRUE))),"",IF($AM103="","",VLOOKUP(AP103,TRANSMUTATION_TABLE,4,TRUE)))
V104: =IF(COUNT($F104:$U104)=0,"",SUM($F104:$U104)) | W104: =IF(ISERROR(IF($V104="","",ROUND(($V104/$V$13)*$W$13,2))),"",IF($V104="","",ROUND(($V104/$V$13)*$W$13,2))) | X104: =IF($W104="","",ROUND($W104*$X$13,2)) | AJ104: =IF(COUNT($Y104:$AI104)=0,"",SUM($Y104:$AI104)) | AK104: =IF(ISERROR(IF($AJ104="","",ROUND(($AJ104/$AJ$13)*$AK$13,2))),"",IF($AJ104="","",ROUND(($AJ104/$AJ$13)*$AK$13,2))) | AL104: =IF($AK104="","",ROUND($AK104*$AL$13,2)) | AN104: =IF(ISERROR(IF($AM104="","",ROUND(($AM104/$AM$13)*$AN$13,2))),"",IF($AM104="","",ROUND(($AM104/$AM$13)*$AN$13,2))) | AO104: =IF($AN104="","",ROUND($AN104*$AO$13,2)) | AP104: =IF(ISERROR(IF($AM104="","",ROUND(SUM($X104,$AL104,$AO104),2))),"",IF($AM104="","",ROUND(SUM($X104,$AL104,$AO104),2))) | AQ104: =IF(ISERROR(IF($AM104="","",VLOOKUP(AP104,TRANSMUTATION_TABLE,4,TRUE))),"",IF($AM104="","",VLOOKUP(AP104,TRANSMUTATION_TABLE,4,TRUE)))
V105: =IF(COUNT($F105:$U105)=0,"",SUM($F105:$U105)) | W105: =IF(ISERROR(IF($V105="","",ROUND(($V105/$V$13)*$W$13,2))),"",IF($V105="","",ROUND(($V105/$V$13)*$W$13,2))) | X105: =IF($W105="","",ROUND($W105*$X$13,2)) | AJ105: =IF(COUNT($Y105:$AI105)=0,"",SUM($Y105:$AI105)) | AK105: =IF(ISERROR(IF($AJ105="","",ROUND(($AJ105/$AJ$13)*$AK$13,2))),"",IF($AJ105="","",ROUND(($AJ105/$AJ$13)*$AK$13,2))) | AL105: =IF($AK105="","",ROUND($AK105*$AL$13,2)) | AN105: =IF(ISERROR(IF($AM105="","",ROUND(($AM105/$AM$13)*$AN$13,2))),"",IF($AM105="","",ROUND(($AM105/$AM$13)*$AN$13,2))) | AO105: =IF($AN105="","",ROUND($AN105*$AO$13,2)) | AP105: =IF(ISERROR(IF($AM105="","",ROUND(SUM($X105,$AL105,$AO105),2))),"",IF($AM105="","",ROUND(SUM($X105,$AL105,$AO105),2))) | AQ105: =IF(ISERROR(IF($AM105="","",VLOOKUP(AP105,TRANSMUTATION_TABLE,4,TRUE))),"",IF($AM105="","",VLOOKUP(AP105,TRANSMUTATION_TABLE,4,TRUE)))
V106: =IF(COUNT($F106:$U106)=0,"",SUM($F106:$U106)) | W106: =IF(ISERROR(IF($V106="","",ROUND(($V106/$V$13)*$W$13,2))),"",IF($V106="","",ROUND(($V106/$V$13)*$W$13,2))) | X106: =IF($W106="","",ROUND($W106*$X$13,2)) | AJ106: =IF(COUNT($Y106:$AI106)=0,"",SUM($Y106:$AI106)) | AK106: =IF(ISERROR(IF($AJ106="","",ROUND(($AJ106/$AJ$13)*$AK$13,2))),"",IF($AJ106="","",ROUND(($AJ106/$AJ$13)*$AK$13,2))) | AL106: =IF($AK106="","",ROUND($AK106*$AL$13,2)) | AN106: =IF(ISERROR(IF($AM106="","",ROUND(($AM106/$AM$13)*$AN$13,2))),"",IF($AM106="","",ROUND(($AM106/$AM$13)*$AN$13,2))) | AO106: =IF($AN106="","",ROUND($AN106*$AO$13,2)) | AP106: =IF(ISERROR(IF($AM106="","",ROUND(SUM($X106,$AL106,$AO106),2))),"",IF($AM106="","",ROUND(SUM($X106,$AL106,$AO106),2))) | AQ106: =IF(ISERROR(IF($AM106="","",VLOOKUP(AP106,TRANSMUTATION_TABLE,4,TRUE))),"",IF($AM106="","",VLOOKUP(AP106,TRANSMUTATION_TABLE,4,TRUE)))
V107: =IF(COUNT($F107:$U107)=0,"",SUM($F107:$U107)) | W107: =IF(ISERROR(IF($V107="","",ROUND(($V107/$V$13)*$W$13,2))),"",IF($V107="","",ROUND(($V107/$V$13)*$W$13,2))) | X107: =IF($W107="","",ROUND($W107*$X$13,2)) | AJ107: =IF(COUNT($Y107:$AI107)=0,"",SUM($Y107:$AI107)) | AK107: =IF(ISERROR(IF($AJ107="","",ROUND(($AJ107/$AJ$13)*$AK$13,2))),"",IF($AJ107="","",ROUND(($AJ107/$AJ$13)*$AK$13,2))) | AL107: =IF($AK107="","",ROUND($AK107*$AL$13,2)) | AN107: =IF(ISERROR(IF($AM107="","",ROUND(($AM107/$AM$13)*$AN$13,2))),"",IF($AM107="","",ROUND(($AM107/$AM$13)*$AN$13,2))) | AO107: =IF($AN107="","",ROUND($AN107*$AO$13,2)) | AP107: =IF(ISERROR(IF($AM107="","",ROUND(SUM($X107,$AL107,$AO107),2))),"",IF($AM107="","",ROUND(SUM($X107,$AL107,$AO107),2))) | AQ107: =IF(ISERROR(IF($AM107="","",VLOOKUP(AP107,TRANSMUTATION_TABLE,4,TRUE))),"",IF($AM107="","",VLOOKUP(AP107,TRANSMUTATION_TABLE,4,TRUE)))

Sheet SCIENCE_Q2
A1: Class Record
A3: (Pursuant to Deped Order 8 series of 2015)
C4: REGION | G4: NCR | U4: DIVISION | V4: PARAÑAQUE | Z4: DISTRICT | AH4: VII
B6: SCHOOL NAME | G6: PARAÑAQUE NATIONAL HIGH SCHOOL - BACLARAN | Z6: SCHOOL ID | AH6: 305426 | AK6: SCHOOL YEAR | AN6: 2025 - 2026
A8: SECOND QUARTER | F8: GRADE & SECTION: | O8: IX - | W8: TEACHER: | Y8: MRS. VANESSA G. LAS PIÑAS - TALENTO | AJ8: SUBJECT: | AL8: SCIENCE 9
B9: LEARNERS' NAMES | F9: WRITTEN WORKS (40%) | Y9: PERFORMANCE TASKS (40%) | AM9: QUARTERLY ASSESSMENT (20%) | AP9: Initial Grade | AQ9: Quarterly Grade
F10: SEATWORK / QUIZZES / ASSIGNMENTS | U10: Notebook | Y10: GROUP ACTIVITY | AI10: Recitation
F11: (Let's Recall, Let's Apply, Let's Analyze, Let's Try) | Y11: Let's Create | AM11: Periodic Test
F12: 1 | G12: 2 | H12: 3 | I12: 4 | J12: 5 | K12: 6 | L12: 7 | M12: 8 | N12: 9 | O12: 10 | P12: 11 | Q12: 12 | R12: 13 | S12: 14 | T12: 15 | U12: 2 | V12: Total | W12: PS | X12: WS | Y12: 1 | Z12: 2 | AA12: 3 | AB12: 4 | AC12: 5 | AD12: 6 | AE12: 7 | AF12: 8 | AG12: 9 | AH12: 10 | AI12: 2 | AJ12: Total | AK12: PS | AL12: WS | AM12: 2 | AN12: PS | AO12: WS
B13: HIGHEST POSSIBLE SCORE | V13: =IF(COUNT($F13:$U13)=0,"",SUM($F13:$U13)) | W13: 100 | X13: 0.4 | AJ13: =IF(COUNT($Y13:$AI13)=0,"",SUM($Y13:$AI13)) | AK13: 100 | AL13: 0.4 | AM13: 40 | AN13: 100 | AO13: 0.2
B14: MALE
A15: 1 | V15: =IF(COUNT($F15:$U15)=0,"",SUM($F15:$U15)) | W15: =IF(ISERROR(IF($V15="","",ROUND(($V15/$V$13)*$W$13,2))),"",IF($V15="","",ROUND(($V15/$V$13)*$W$13,2))) | X15: =IF($W15="","",ROUND($W15*$X$13,2)) | AJ15: =IF(COUNT($Y15:$AI15)=0,"",SUM($Y15:$AI15)) | AK15: =IF(ISERROR(IF($AJ15="","",ROUND(($AJ15/$AJ$13)*$AK$13,2))),"",IF($AJ15="","",ROUND(($AJ15/$AJ$13)*$AK$13,2))) | AL15: =IF($AK15="","",ROUND($AK15*$AL$13,2)) | AN15: =IF(ISERROR(IF($AM15="","",ROUND(($AM15/$AM$13)*$AN$13,2))),"",IF($AM15="","",ROUND(($AM15/$AM$13)*$AN$13,2))) | AO15: =IF($AN15="","",ROUND($AN15*$AO$13,2)) | AP15: =IF(ISERROR(IF($AM15="","",ROUND(SUM($X15,$AL15,$AO15),2))),"",IF($AM15="","",ROUND(SUM($X15,$AL15,$AO15),2))) | AQ15: =IF(ISERROR(IF($AM15="","",VLOOKUP(AP15,TRANSMUTATION_TABLE,4,TRUE))),"",IF($AM15="","",VLOOKUP(AP15,TRANSMUTATION_TABLE,4,TRUE))) | AT15: 60-69 | AU15: 78
A16: 2 | V16: =IF(COUNT($F16:$U16)=0,"",SUM($F16:$U16)) | W16: =IF(ISERROR(IF($V16="","",ROUND(($V16/$V$13)*$W$13,2))),"",IF($V16="","",ROUND(($V16/$V$13)*$W$13,2))) | X16: =IF($W16="","",ROUND($W16*$X$13,2)) | AJ16: =IF(COUNT($Y16:$AI16)=0,"",SUM($Y16:$AI16)) | AK16: =IF(ISERROR(IF($AJ16="","",ROUND(($AJ16/$AJ$13)*$AK$13,2))),"",IF($AJ16="","",ROUND(($AJ16/$AJ$13)*$AK$13,2))) | AL16: =IF($AK16="","",ROUND($AK16*$AL$13,2)) | AN16: =IF(ISERROR(IF($AM16="","",ROUND(($AM16/$AM$13)*$AN$13,2))),"",IF($AM16="","",ROUND(($AM16/$AM$13)*$AN$13,2))) | AO16: =IF($AN16="","",ROUND($AN16*$AO$13,2)) | AP16: =IF(ISERROR(IF($AM16="","",ROUND(SUM($X16,$AL16,$AO16),2))),"",IF($AM16="","",ROUND(SUM($X16,$AL16,$AO16),2))) | AQ16: =IF(ISERROR(IF($AM16="","",VLOOKUP(AP16,TRANSMUTATION_TABLE,4,TRUE))),"",IF($AM16="","",VLOOKUP(AP16,TRANSMUTATION_TABLE,4,TRUE))) | AT16: 70-74 | AU16: 79
A17: 3 | V17: =IF(COUNT($F17:$U17)=0,"",SUM($F17:$U17)) | W17: =IF(ISERROR(IF($V17="","",ROUND(($V17/$V$13)*$W$13,2))),"",IF($V17="","",ROUND(($V17/$V$13)*$W$13,2))) | X17: =IF($W17="","",ROUND($W17*$X$13,2)) | AJ17: =IF(COUNT($Y17:$AI17)=0,"",SUM($Y17:$AI17)) | AK17: =IF(ISERROR(IF($AJ17="","",ROUND(($AJ17/$AJ$13)*$AK$13,2))),"",IF($AJ17="","",ROUND(($AJ17/$AJ$13)*$AK$13,2))) | AL17: =IF($AK17="","",ROUND($AK17*$AL$13,2)) | AN17: =IF(ISERROR(IF($AM17="","",ROUND(($AM17/$AM$13)*$AN$13,2))),"",IF($AM17="","",ROUND(($AM17/$AM$13)*$AN$13,2))) | AO17: =IF($AN17="","",ROUND($AN17*$AO$13,2)) | AP17: =IF(ISERROR(IF($AM17="","",ROUND(SUM($X17,$AL17,$AO17),2))),"",IF($AM17="","",ROUND(SUM($X17,$AL17,$AO17),2))) | AQ17: =IF(ISERROR(IF($AM17="","",VLOOKUP(AP17,TRANSMUTATION_TABLE,4,TRUE))),"",IF($AM17="","",VLOOKUP(AP17,TRANSMUTATION_TABLE,4,TRUE))) | AT17: 75-79 | AU17: 80
A18: 4 | V18: =IF(COUNT($F18:$U18)=0,"",SUM($F18:$U18)) | W18: =IF(ISERROR(IF($V18="","",ROUND(($V18/$V$13)*$W$13,2))),"",IF($V18="","",ROUND(($V18/$V$13)*$W$13,2))) | X18: =IF($W18="","",ROUND($W18*$X$13,2)) | AJ18: =IF(COUNT($Y18:$AI18)=0,"",SUM($Y18:$AI18)) | AK18: =IF(ISERROR(IF($AJ18="","",ROUND(($AJ18/$AJ$13)*$AK$13,2))),"",IF($AJ18="","",ROUND(($AJ18/$AJ$13)*$AK$13,2))) | AL18: =IF($AK18="","",ROUND($AK18*$AL$13,2)) | AN18: =IF(ISERROR(IF($AM18="","",ROUND(($AM18/$AM$13)*$AN$13,2))),"",IF($AM18="","",ROUND(($AM18/$AM$13)*$AN$13,2))) | AO18: =IF($AN18="","",ROUND($AN18*$AO$13,2)) | AP18: =IF(ISERROR(IF($AM18="","",ROUND(SUM($X18,$AL18,$AO18),2))),"",IF($AM18="","",ROUND(SUM($X18,$AL18,$AO18),2))) | AQ18: =IF(ISERROR(IF($AM18="","",VLOOKUP(AP18,TRANSMUTATION_TABLE,4,TRUE))),"",IF($AM18="","",VLOOKUP(AP18,TRANSMUTATION_TABLE,4,TRUE))) | AT18: 80-84 | AU18: 85
A19: 5 | V19: =IF(COUNT($F19:$U19)=0,"",SUM($F19:$U19)) | W19: =IF(ISERROR(IF($V19="","",ROUND(($V19/$V$13)*$W$13,2))),"",IF($V19="","",ROUND(($V19/$V$13)*$W$13,2))) | X19: =IF($W19="","",ROUND($W19*$X$13,2)) | AJ19: =IF(COUNT($Y19:$AI19)=0,"",SUM($Y19:$AI19)) | AK19: =IF(ISERROR(IF($AJ19="","",ROUND(($AJ19/$AJ$13)*$AK$13,2))),"",IF($AJ19="","",ROUND(($AJ19/$AJ$13)*$AK$13,2))) | AL19: =IF($AK19="","",ROUND($AK19*$AL$13,2)) | AN19: =IF(ISERROR(IF($AM19="","",ROUND(($AM19/$AM$13)*$AN$13,2))),"",IF($AM19="","",ROUND(($AM19/$AM$13)*$AN$13,2))) | AO19: =IF($AN19="","",ROUND($AN19*$AO$13,2)) | AP19: =IF(ISERROR(IF($AM19="","",ROUND(SUM($X19,$AL19,$AO19),2))),"",IF($AM19="","",ROUND(SUM($X19,$AL19,$AO19),2))) | AQ19: =IF(ISERROR(IF($AM19="","",VLOOKUP(AP19,TRANSMUTATION_TABLE,4,TRUE))),"",IF($AM19="","",VLOOKUP(AP19,TRANSMUTATION_TABLE,4,TRUE))) | AT19: 85-88 | AU19: 89
A20: 15 | V20: =IF(COUNT($F20:$U20)=0,"",SUM($F20:$U20)) | W20: =IF(ISERROR(IF($V20="","",ROUND(($V20/$V$13)*$W$13,2))),"",IF($V20="","",ROUND(($V20/$V$13)*$W$13,2))) | X20: =IF($W20="","",ROUND($W20*$X$13,2)) | AJ20: =IF(COUNT($Y20:$AI20)=0,"",SUM($Y20:$AI20)) | AK20: =IF(ISERROR(IF($AJ20="","",ROUND(($AJ20/$AJ$13)*$AK$13,2))),"",IF($AJ20="","",ROUND(($AJ20/$AJ$13)*$AK$13,2))) | AL20: =IF($AK20="","",ROUND($AK20*$AL$13,2)) | AN20: =IF(ISERROR(IF($AM20="","",ROUND(($AM20/$AM$13)*$AN$13,2))),"",IF($AM20="","",ROUND(($AM20/$AM$13)*$AN$13,2))) | AO20: =IF($AN20="","",ROUND($AN20*$AO$13,2)) | AP20: =IF(ISERROR(IF($AM20="","",ROUND(SUM($X20,$AL20,$AO20),2))),"",IF($AM20="","",ROUND(SUM($X20,$AL20,$AO20),2))) | AQ20: =IF(ISERROR(IF($AM20="","",VLOOKUP(AP20,TRANSMUTATION_TABLE,4,TRUE))),"",IF($AM20="","",VLOOKUP(AP20,TRANSMUTATION_TABLE,4,TRUE))) | AT20: 89-91 | AU20: 92
A21: 7 | V21: =IF(COUNT($F21:$U21)=0,"",SUM($F21:$U21)) | W21: =IF(ISERROR(IF($V21="","",ROUND(($V21/$V$13)*$W$13,2))),"",IF($V21="","",ROUND(($V21/$V$13)*$W$13,2))) | X21: =IF($W21="","",ROUND($W21*$X$13,2)) | AJ21: =IF(COUNT($Y21:$AI21)=0,"",SUM($Y21:$AI21)) | AK21: =IF(ISERROR(IF($AJ21="","",ROUND(($AJ21/$AJ$13)*$AK$13,2))),"",IF($AJ21="","",ROUND(($AJ21/$AJ$13)*$AK$13,2))) | AL21: =IF($AK21="","",ROUND($AK21*$AL$13,2)) | AN21: =IF(ISERROR(IF($AM21="","",ROUND(($AM21/$AM$13)*$AN$13,2))),"",IF($AM21="","",ROUND(($AM21/$AM$13)*$AN$13,2))) | AO21: =IF($AN21="","",ROUND($AN21*$AO$13,2)) | AP21: =IF(ISERROR(IF($AM21="","",ROUND(SUM($X21,$AL21,$AO21),2))),"",IF($AM21="","",ROUND(SUM($X21,$AL21,$AO21),2))) | AQ21: =IF(ISERROR(IF($AM21="","",VLOOKUP(AP21,TRANSMUTATION_TABLE,4,TRUE))),"",IF($AM21="","",VLOOKUP(AP21,TRANSMUTATION_TABLE,4,TRUE)))
A22: 8 | V22: =IF(COUNT($F22:$U22)=0,"",SUM($F22:$U22)) | W22: =IF(ISERROR(IF($V22="","",ROUND(($V22/$V$13)*$W$13,2))),"",IF($V22="","",ROUND(($V22/$V$13)*$W$13,2))) | X22: =IF($W22="","",ROUND($W22*$X$13,2)) | AJ22: =IF(COUNT($Y22:$AI22)=0,"",SUM($Y22:$AI22)) | AK22: =IF(ISERROR(IF($AJ22="","",ROUND(($AJ22/$AJ$13)*$AK$13,2))),"",IF($AJ22="","",ROUND(($AJ22/$AJ$13)*$AK$13,2))) | AL22: =IF($AK22="","",ROUND($AK22*$AL$13,2)) | AN22: =IF(ISERROR(IF($AM22="","",ROUND(($AM22/$AM$13)*$AN$13,2))),"",IF($AM22="","",ROUND(($AM22/$AM$13)*$AN$13,2))) | AO22: =IF($AN22="","",ROUND($AN22*$AO$13,2)) | AP22: =IF(ISERROR(IF($AM22="","",ROUND(SUM($X22,$AL22,$AO22),2))),"",IF($AM22="","",ROUND(SUM($X22,$AL22,$AO22),2))) | AQ22: =IF(ISERROR(IF($AM22="","",VLOOKUP(AP22,TRANSMUTATION_TABLE,4,TRUE))),"",IF($AM22="","",VLOOKUP(AP22,TRANSMUTATION_TABLE,4,TRUE)))
A23: 9 | V23: =IF(COUNT($F23:$U23)=0,"",SUM($F23:$U23)) | W23: =IF(ISERROR(IF($V23="","",ROUND(($V23/$V$13)*$W$13,2))),"",IF($V23="","",ROUND(($V23/$V$13)*$W$13,2))) | X23: =IF($W23="","",ROUND($W23*$X$13,2)) | AJ23: =IF(COUNT($Y23:$AI23)=0,"",SUM($Y23:$AI23)) | AK23: =IF(ISERROR(IF($AJ23="","",ROUND(($AJ23/$AJ$13)*$AK$13,2))),"",IF($AJ23="","",ROUND(($AJ23/$AJ$13)*$AK$13,2))) | AL23: =IF($AK23="","",ROUND($AK23*$AL$13,2)) | AN23: =IF(ISERROR(IF($AM23="","",ROUND(($AM23/$AM$13)*$AN$13,2))),"",IF($AM23="","",ROUND(($AM23/$AM$13)*$AN$13,2))) | AO23: =IF($AN23="","",ROUND($AN23*$AO$13,2)) | AP23: =IF(ISERROR(IF($AM23="","",ROUND(SUM($X23,$AL23,$AO23),2))),"",IF($AM23="","",ROUND(SUM($X23,$AL23,$AO23),2))) | AQ23: =IF(ISERROR(IF($AM23="","",VLOOKUP(AP23,TRANSMUTATION_TABLE,4,TRUE))),"",IF($AM23="","",VLOOKUP(AP23,TRANSMUTATION_TABLE,4,TRUE)))
A24: 10 | V24: =IF(COUNT($F24:$U24)=0,"",SUM($F24:$U24)) | W24: =IF(ISERROR(IF($V24="","",ROUND(($V24/$V$13)*$W$13,2))),"",IF($V24="","",ROUND(($V24/$V$13)*$W$13,2))) | X24: =IF($W24="","",ROUND($W24*$X$13,2)) | AJ24: =IF(COUNT($Y24:$AI24)=0,"",SUM($Y24:$AI24)) | AK24: =IF(ISERROR(IF($AJ24="","",ROUND(($AJ24/$AJ$13)*$AK$13,2))),"",IF($AJ24="","",ROUND(($AJ24/$AJ$13)*$AK$13,2))) | AL24: =IF($AK24="","",ROUND($AK24*$AL$13,2)) | AN24: =IF(ISERROR(IF($AM24="","",ROUND(($AM24/$AM$13)*$AN$13,2))),"",IF($AM24="","",ROUND(($AM24/$AM$13)*$AN$13,2))) | AO24: =IF($AN24="","",ROUND($AN24*$AO$13,2)) | AP24: =IF(ISERROR(IF($AM24="","",ROUND(SUM($X24,$AL24,$AO24),2))),"",IF($AM24="","",ROUND(SUM($X24,$AL24,$AO24),2))) | AQ24: =IF(ISERROR(IF($AM24="","",VLOOKUP(AP24,TRANSMUTATION_TABLE,4,TRUE))),"",IF($AM24="","",VLOOKUP(AP24,TRANSMUTATION_TABLE,4,TRUE)))
A25: 11 | V25: =IF(COUNT($F25:$U25)=0,"",SUM($F25:$U25)) | W25: =IF(ISERROR(IF($V25="","",ROUND(($V25/$V$13)*$W$13,2))),"",IF($V25="","",ROUND(($V25/$V$13)*$W$13,2))) | X25: =IF($W25="","",ROUND($W25*$X$13,2)) | AJ25: =IF(COUNT($Y25:$AI25)=0,"",SUM($Y25:$AI25)) | AK25: =IF(ISERROR(IF($AJ25="","",ROUND(($AJ25/$AJ$13)*$AK$13,2))),"",IF($AJ25="","",ROUND(($AJ25/$AJ$13)*$AK$13,2))) | AL25: =IF($AK25="","",ROUND($AK25*$AL$13,2)) | AN25: =IF(ISERROR(IF($AM25="","",ROUND(($AM25/$AM$13)*$AN$13,2))),"",IF($AM25="","",ROUND(($AM25/$AM$13)*$AN$13,2))) | AO25: =IF($AN25="","",ROUND($AN25*$AO$13,2)) | AP25: =IF(ISERROR(IF($AM25="","",ROUND(SUM($X25,$AL25,$AO25),2))),"",IF($AM25="","",ROUND(SUM($X25,$AL25,$AO25),2))) | AQ25: =IF(ISERROR(IF($AM25="","",VLOOKUP(AP25,TRANSMUTATION_TABLE,4,TRUE))),"",IF($AM25="","",VLOOKUP(AP25,TRANSMUTATION_TABLE,4,TRUE)))
A26: 12 | V26: =IF(COUNT($F26:$U26)=0,"",SUM($F26:$U26)) | W26: =IF(ISERROR(IF($V26="","",ROUND(($V26/$V$13)*$W$13,2))),"",IF($V26="","",ROUND(($V26/$V$13)*$W$13,2))) | X26: =IF($W26="","",ROUND($W26*$X$13,2)) | AJ26: =IF(COUNT($Y26:$AI26)=0,"",SUM($Y26:$AI26)) | AK26: =IF(ISERROR(IF($AJ26="","",ROUND(($AJ26/$AJ$13)*$AK$13,2))),"",IF($AJ26="","",ROUND(($AJ26/$AJ$13)*$AK$13,2))) | AL26: =IF($AK26="","",ROUND($AK26*$AL$13,2)) | AN26: =IF(ISERROR(IF($AM26="","",ROUND(($AM26/$AM$13)*$AN$13,2))),"",IF($AM26="","",ROUND(($AM26/$AM$13)*$AN$13,2))) | AO26: =IF($AN26="","",ROUND($AN26*$AO$13,2)) | AP26: =IF(ISERROR(IF($AM26="","",ROUND(SUM($X26,$AL26,$AO26),2))),"",IF($AM26="","",ROUND(SUM($X26,$AL26,$AO26),2))) | AQ26: =IF(ISERROR(IF($AM26="","",VLOOKUP(AP26,TRANSMUTATION_TABLE,4,TRUE))),"",IF($AM26="","",VLOOKUP(AP26,TRANSMUTATION_TABLE,4,TRUE)))
A27: 13 | V27: =IF(COUNT($F27:$U27)=0,"",SUM($F27:$U27)) | W27: =IF(ISERROR(IF($V27="","",ROUND(($V27/$V$13)*$W$13,2))),"",IF($V27="","",ROUND(($V27/$V$13)*$W$13,2))) | X27: =IF($W27="","",ROUND($W27*$X$13,2)) | AJ27: =IF(COUNT($Y27:$AI27)=0,"",SUM($Y27:$AI27)) | AK27: =IF(ISERROR(IF($AJ27="","",ROUND(($AJ27/$AJ$13)*$AK$13,2))),"",IF($AJ27="","",ROUND(($AJ27/$AJ$13)*$AK$13,2))) | AL27: =IF($AK27="","",ROUND($AK27*$AL$13,2)) | AN27: =IF(ISERROR(IF($AM27="","",ROUND(($AM27/$AM$13)*$AN$13,2))),"",IF($AM27="","",ROUND(($AM27/$AM$13)*$AN$13,2))) | AO27: =IF($AN27="","",ROUND($AN27*$AO$13,2)) | AP27: =IF(ISERROR(IF($AM27="","",ROUND(SUM($X27,$AL27,$AO27),2))),"",IF($AM27="","",ROUND(SUM($X27,$AL27,$AO27),2))) | AQ27: =IF(ISERROR(IF($AM27="","",VLOOKUP(AP27,TRANSMUTATION_TABLE,4,TRUE))),"",IF($AM27="","",VLOOKUP(AP27,TRANSMUTATION_TABLE,4,TRUE)))
A28: 14 | V28: =IF(COUNT($F28:$U28)=0,"",SUM($F28:$U28)) | W28: =IF(ISERROR(IF($V28="","",ROUND(($V28/$V$13)*$W$13,2))),"",IF($V28="","",ROUND(($V28/$V$13)*$W$13,2))) | X28: =IF($W28="","",ROUND($W28*$X$13,2)) | AJ28: =IF(COUNT($Y28:$AI28)=0,"",SUM($Y28:$AI28)) | AK28: =IF(ISERROR(IF($AJ28="","",ROUND(($AJ28/$AJ$13)*$AK$13,2))),"",IF($AJ28="","",ROUND(($AJ28/$AJ$13)*$AK$13,2))) | AL28: =IF($AK28="","",ROUND($AK28*$AL$13,2)) | AN28: =IF(ISERROR(IF($AM28="","",ROUND(($AM28/$AM$13)*$AN$13,2))),"",IF($AM28="","",ROUND(($AM28/$AM$13)*$AN$13,2))) | AO28: =IF($AN28="","",ROUND($AN28*$AO$13,2)) | AP28: =IF(ISERROR(IF($AM28="","",ROUND(SUM($X28,$AL28,$AO28),2))),"",IF($AM28="","",ROUND(SUM($X28,$AL28,$AO28),2))) | AQ28: =IF(ISERROR(IF($AM28="","",VLOOKUP(AP28,TRANSMUTATION_TABLE,4,TRUE))),"",IF($AM28="","",VLOOKUP(AP28,TRANSMUTATION_TABLE,4,TRUE)))
A29: 15 | V29: =IF(COUNT($F29:$U29)=0,"",SUM($F29:$U29)) | W29: =IF(ISERROR(IF($V29="","",ROUND(($V29/$V$13)*$W$13,2))),"",IF($V29="","",ROUND(($V29/$V$13)*$W$13,2))) | X29: =IF($W29="","",ROUND($W29*$X$13,2)) | AJ29: =IF(COUNT($Y29:$AI29)=0,"",SUM($Y29:$AI29)) | AK29: =IF(ISERROR(IF($AJ29="","",ROUND(($AJ29/$AJ$13)*$AK$13,2))),"",IF($AJ29="","",ROUND(($AJ29/$AJ$13)*$AK$13,2))) | AL29: =IF($AK29="","",ROUND($AK29*$AL$13,2)) | AN29: =IF(ISERROR(IF($AM29="","",ROUND(($AM29/$AM$13)*$AN$13,2))),"",IF($AM29="","",ROUND(($AM29/$AM$13)*$AN$13,2))) | AO29: =IF($AN29="","",ROUND($AN29*$AO$13,2)) | AP29: =IF(ISERROR(IF($AM29="","",ROUND(SUM($X29,$AL29,$AO29),2))),"",IF($AM29="","",ROUND(SUM($X29,$AL29,$AO29),2))) | AQ29: =IF(ISERROR(IF($AM29="","",VLOOKUP(AP29,TRANSMUTATION_TABLE,4,TRUE))),"",IF($AM29="","",VLOOKUP(AP29,TRANSMUTATION_TABLE,4,TRUE)))
A30: 16 | V30: =IF(COUNT($F30:$U30)=0,"",SUM($F30:$U30)) | W30: =IF(ISERROR(IF($V30="","",ROUND(($V30/$V$13)*$W$13,2))),"",IF($V30="","",ROUND(($V30/$V$13)*$W$13,2))) | X30: =IF($W30="","",ROUND($W30*$X$13,2)) | AJ30: =IF(COUNT($Y30:$AI30)=0,"",SUM($Y30:$AI30)) | AK30: =IF(ISERROR(IF($AJ30="","",ROUND(($AJ30/$AJ$13)*$AK$13,2))),"",IF($AJ30="","",ROUND(($AJ30/$AJ$13)*$AK$13,2))) | AL30: =IF($AK30="","",ROUND($AK30*$AL$13,2)) | AN30: =IF(ISERROR(IF($AM30="","",ROUND(($AM30/$AM$13)*$AN$13,2))),"",IF($AM30="","",ROUND(($AM30/$AM$13)*$AN$13,2))) | AO30: =IF($AN30="","",ROUND($AN30*$AO$13,2)) | AP30: =IF(ISERROR(IF($AM30="","",ROUND(SUM($X30,$AL30,$AO30),2))),"",IF($AM30="","",ROUND(SUM($X30,$AL30,$AO30),2))) | AQ30: =IF(ISERROR(IF($AM30="","",VLOOKUP(AP30,TRANSMUTATION_TABLE,4,TRUE))),"",IF($AM30="","",VLOOKUP(AP30,TRANSMUTATION_TABLE,4,TRUE)))
A31: 17 | V31: =IF(COUNT($F31:$U31)=0,"",SUM($F31:$U31)) | W31: =IF(ISERROR(IF($V31="","",ROUND(($V31/$V$13)*$W$13,2))),"",IF($V31="","",ROUND(($V31/$V$13)*$W$13,2))) | X31: =IF($W31="","",ROUND($W31*$X$13,2)) | AJ31: =IF(COUNT($Y31:$AI31)=0,"",SUM($Y31:$AI31)) | AK31: =IF(ISERROR(IF($AJ31="","",ROUND(($AJ31/$AJ$13)*$AK$13,2))),"",IF($AJ31="","",ROUND(($AJ31/$AJ$13)*$AK$13,2))) | AL31: =IF($AK31="","",ROUND($AK31*$AL$13,2)) | AN31: =IF(ISERROR(IF($AM31="","",ROUND(($AM31/$AM$13)*$AN$13,2))),"",IF($AM31="","",ROUND(($AM31/$AM$13)*$AN$13,2))) | AO31: =IF($AN31="","",ROUND($AN31*$AO$13,2)) | AP31: =IF(ISERROR(IF($AM31="","",ROUND(SUM($X31,$AL31,$AO31),2))),"",IF($AM31="","",ROUND(SUM($X31,$AL31,$AO31),2))) | AQ31: =IF(ISERROR(IF($AM31="","",VLOOKUP(AP31,TRANSMUTATION_TABLE,4,TRUE))),"",IF($AM31="","",VLOOKUP(AP31,TRANSMUTATION_TABLE,4,TRUE)))
A32: 18 | V32: =IF(COUNT($F32:$U32)=0,"",SUM($F32:$U32)) | W32: =IF(ISERROR(IF($V32="","",ROUND(($V32/$V$13)*$W$13,2))),"",IF($V32="","",ROUND(($V32/$V$13)*$W$13,2))) | X32: =IF($W32="","",ROUND($W32*$X$13,2)) | AJ32: =IF(COUNT($Y32:$AI32)=0,"",SUM($Y32:$AI32)) | AK32: =IF(ISERROR(IF($AJ32="","",ROUND(($AJ32/$AJ$13)*$AK$13,2))),"",IF($AJ32="","",ROUND(($AJ32/$AJ$13)*$AK$13,2))) | AL32: =IF($AK32="","",ROUND($AK32*$AL$13,2)) | AN32: =IF(ISERROR(IF($AM32="","",ROUND(($AM32/$AM$13)*$AN$13,2))),"",IF($AM32="","",ROUND(($AM32/$AM$13)*$AN$13,2))) | AO32: =IF($AN32="","",ROUND($AN32*$AO$13,2)) | AP32: =IF(ISERROR(IF($AM32="","",ROUND(SUM($X32,$AL32,$AO32),2))),"",IF($AM32="","",ROUND(SUM($X32,$AL32,$AO32),2))) | AQ32: =IF(ISERROR(IF($AM32="","",VLOOKUP(AP32,TRANSMUTATION_TABLE,4,TRUE))),"",IF($AM32="","",VLOOKUP(AP32,TRANSMUTATION_TABLE,4,TRUE)))
... A34: 20 | V34: =IF(COUNT($F34:$U34)=0,"",SUM($F34:$U34)) | W34: =IF(ISERROR(IF($V34="","",ROUND(($V34/$V$13)*$W$13,2))),"",IF($V34="","",ROUND(($V34/$V$13)*$W$13,2))) | X34: =IF($W34="","",ROUND($W34*$X$13,2)) | AJ34: =IF(COUNT($Y34:$AI34)=0,"",SUM($Y34:$AI34)) | AK34: =IF(ISERROR(IF($AJ34="","",ROUND(($AJ34/$AJ$13)*$AK$13,2))),"",IF($AJ34="","",ROUND(($AJ34/$AJ$13)*$AK$13,2))) | AL34: =IF($AK34="","",ROUND($AK34*$AL$13,2)) | AN34: =IF(ISERROR(IF($AM34="","",ROUND(($AM34/$AM$13)*$AN$13,2))),"",IF($AM34="","",ROUND(($AM34/$AM$13)*$AN$13,2))) | AO34: =IF($AN34="","",ROUND($AN34*$AO$13,2)) | AP34: =IF(ISERROR(IF($AM34="","",ROUND(SUM($X34,$AL34,$AO34),2))),"",IF($AM34="","",ROUND(SUM($X34,$AL34,$AO34),2))) | AQ34: =IF(ISERROR(IF($AM34="","",VLOOKUP(AP34,TRANSMUTATION_TABLE,4,TRUE))),"",IF($AM34="","",VLOOKUP(AP34,TRANSMUTATION_TABLE,4,TRUE)))
A35: 21 | V35: =IF(COUNT($F35:$U35)=0,"",SUM($F35:$U35)) | W35: =IF(ISERROR(IF($V35="","",ROUND(($V35/$V$13)*$W$13,2))),"",IF($V35="","",ROUND(($V35/$V$13)*$W$13,2))) | X35: =IF($W35="","",ROUND($W35*$X$13,2)) | AK35: =IF(ISERROR(IF($AJ35="","",ROUND(($AJ35/$AJ$13)*$AK$13,2))),"",IF($AJ35="","",ROUND(($AJ35/$AJ$13)*$AK$13,2))) | AL35: =IF($AK35="","",ROUND($AK35*$AL$13,2)) | AN35: =IF(ISERROR(IF($AM35="","",ROUND(($AM35/$AM$13)*$AN$13,2))),"",IF($AM35="","",ROUND(($AM35/$AM$13)*$AN$13,2))) | AO35: =IF($AN35="","",ROUND($AN35*$AO$13,2)) | AP35: =IF(ISERROR(IF($AM35="","",ROUND(SUM($X35,$AL35,$AO35),2))),"",IF($AM35="","",ROUND(SUM($X35,$AL35,$AO35),2))) | AQ35: =IF(ISERROR(IF($AM35="","",VLOOKUP(AP35,TRANSMUTATION_TABLE,4,TRUE))),"",IF($AM35="","",VLOOKUP(AP35,TRANSMUTATION_TABLE,4,TRUE)))
A36: 22 | V36: =IF(COUNT($F36:$U36)=0,"",SUM($F36:$U36)) | W36: =IF(ISERROR(IF($V36="","",ROUND(($V36/$V$13)*$W$13,2))),"",IF($V36="","",ROUND(($V36/$V$13)*$W$13,2))) | X36: =IF($W36="","",ROUND($W36*$X$13,2)) | AJ36: =IF(COUNT($Y36:$AI36)=0,"",SUM($Y36:$AI36)) | AK36: =IF(ISERROR(IF($AJ36="","",ROUND(($AJ36/$AJ$13)*$AK$13,2))),"",IF($AJ36="","",ROUND(($AJ36/$AJ$13)*$AK$13,2))) | AL36: =IF($AK36="","",ROUND($AK36*$AL$13,2)) | AN36: =IF(ISERROR(IF($AM36="","",ROUND(($AM36/$AM$13)*$AN$13,2))),"",IF($AM36="","",ROUND(($AM36/$AM$13)*$AN$13,2))) | AO36: =IF($AN36="","",ROUND($AN36*$AO$13,2)) | AP36: =IF(ISERROR(IF($AM36="","",ROUND(SUM($X36,$AL36,$AO36),2))),"",IF($AM36="","",ROUND(SUM($X36,$AL36,$AO36),2))) | AQ36: =IF(ISERROR(IF($AM36="","",VLOOKUP(AP36,TRANSMUTATION_TABLE,4,TRUE))),"",IF($AM36="","",VLOOKUP(AP36,TRANSMUTATION_TABLE,4,TRUE)))
AQ37: =IF(ISERROR(IF($AM37="","",VLOOKUP(AP37,TRANSMUTATION_TABLE,4,TRUE))),"",IF($AM37="","",VLOOKUP(AP37,TRANSMUTATION_TABLE,4,TRUE)))
V38: =IF(COUNT($F38:$U38)=0,"",SUM($F38:$U38)) | W38: =IF(ISERROR(IF($V38="","",ROUND(($V38/$V$13)*$W$13,2))),"",IF($V38="","",ROUND(($V38/$V$13)*$W$13,2))) | X38: =IF($W38="","",ROUND($W38*$X$13,2)) | AJ38: =IF(COUNT($Y38:$AI38)=0,"",SUM($Y38:$AI38)) | AK38: =IF(ISERROR(IF($AJ38="","",ROUND(($AJ38/$AJ$13)*$AK$13,2))),"",IF($AJ38="","",ROUND(($AJ38/$AJ$13)*$AK$13,2))) | AL38: =IF($AK38="","",ROUND($AK38*$AL$13,2)) | AN38: =IF(ISERROR(IF($AM38="","",ROUND(($AM38/$AM$13)*$AN$13,2))),"",IF($AM38="","",ROUND(($AM38/$AM$13)*$AN$13,2))) | AO38: =IF($AN38="","",ROUND($AN38*$AO$13,2)) | AP38: =IF(ISERROR(IF($AM38="","",ROUND(SUM($X38,$AL38,$AO38),2))),"",IF($AM38="","",ROUND(SUM($X38,$AL38,$AO38),2))) | AQ38: =IF(ISERROR(IF($AM38="","",VLOOKUP(AP38,TRANSMUTATION_TABLE,4,TRUE))),"",IF($AM38="","",VLOOKUP(AP38,TRANSMUTATION_TABLE,4,TRUE)))
V39: =IF(COUNT($F39:$U39)=0,"",SUM($F39:$U39)) | W39: =IF(ISERROR(IF($V39="","",ROUND(($V39/$V$13)*$W$13,2))),"",IF($V39="","",ROUND(($V39/$V$13)*$W$13,2))) | X39: =IF($W39="","",ROUND($W39*$X$13,2)) | AJ39: =IF(COUNT($Y39:$AI39)=0,"",SUM($Y39:$AI39)) | AK39: =IF(ISERROR(IF($AJ39="","",ROUND(($AJ39/$AJ$13)*$AK$13,2))),"",IF($AJ39="","",ROUND(($AJ39/$AJ$13)*$AK$13,2))) | AL39: =IF($AK39="","",ROUND($AK39*$AL$13,2)) | AN39: =IF(ISERROR(IF($AM39="","",ROUND(($AM39/$AM$13)*$AN$13,2))),"",IF($AM39="","",ROUND(($AM39/$AM$13)*$AN$13,2))) | AO39: =IF($AN39="","",ROUND($AN39*$AO$13,2)) | AP39: =IF(ISERROR(IF($AM39="","",ROUND(SUM($X39,$AL39,$AO39),2))),"",IF($AM39="","",ROUND(SUM($X39,$AL39,$AO39),2))) | AQ39: =IF(ISERROR(IF($AM39="","",VLOOKUP(AP39,TRANSMUTATION_TABLE,4,TRUE))),"",IF($AM39="","",VLOOKUP(AP39,TRANSMUTATION_TABLE,4,TRUE)))
V40: =IF(COUNT($F40:$U40)=0,"",SUM($F40:$U40)) | W40: =IF(ISERROR(IF($V40="","",ROUND(($V40/$V$13)*$W$13,2))),"",IF($V40="","",ROUND(($V40/$V$13)*$W$13,2))) | X40: =IF($W40="","",ROUND($W40*$X$13,2)) | AJ40: =IF(COUNT($Y40:$AI40)=0,"",SUM($Y40:$AI40)) | AK40: =IF(ISERROR(IF($AJ40="","",ROUND(($AJ40/$AJ$13)*$AK$13,2))),"",IF($AJ40="","",ROUND(($AJ40/$AJ$13)*$AK$13,2))) | AL40: =IF($AK40="","",ROUND($AK40*$AL$13,2)) | AN40: =IF(ISERROR(IF($AM40="","",ROUND(($AM40/$AM$13)*$AN$13,2))),"",IF($AM40="","",ROUND(($AM40/$AM$13)*$AN$13,2))) | AO40: =IF($AN40="","",ROUND($AN40*$AO$13,2)) | AP40: =IF(ISERROR(IF($AM40="","",ROUND(SUM($X40,$AL40,$AO40),2))),"",IF($AM40="","",ROUND(SUM($X40,$AL40,$AO40),2))) | AQ40: =IF(ISERROR(IF($AM40="","",VLOOKUP(AP40,TRANSMUTATION_TABLE,4,TRUE))),"",IF($AM40="","",VLOOKUP(AP40,TRANSMUTATION_TABLE,4,TRUE)))
V41: =IF(COUNT($F41:$U41)=0,"",SUM($F41:$U41)) | W41: =IF(ISERROR(IF($V41="","",ROUND(($V41/$V$13)*$W$13,2))),"",IF($V41="","",ROUND(($V41/$V$13)*$W$13,2))) | X41: =IF($W41="","",ROUND($W41*$X$13,2)) | AJ41: =IF(COUNT($Y41:$AI41)=0,"",SUM($Y41:$AI41)) | AK41: =IF(ISERROR(IF($AJ41="","",ROUND(($AJ41/$AJ$13)*$AK$13,2))),"",IF($AJ41="","",ROUND(($AJ41/$AJ$13)*$AK$13,2))) | AL41: =IF($AK41="","",ROUND($AK41*$AL$13,2)) | AN41: =IF(ISERROR(IF($AM41="","",ROUND(($AM41/$AM$13)*$AN$13,2))),"",IF($AM41="","",ROUND(($AM41/$AM$13)*$AN$13,2))) | AO41: =IF($AN41="","",ROUND($AN41*$AO$13,2)) | AP41: =IF(ISERROR(IF($AM41="","",ROUND(SUM($X41,$AL41,$AO41),2))),"",IF($AM41="","",ROUND(SUM($X41,$AL41,$AO41),2))) | AQ41: =IF(ISERROR(IF($AM41="","",VLOOKUP(AP41,TRANSMUTATION_TABLE,4,TRUE))),"",IF($AM41="","",VLOOKUP(AP41,TRANSMUTATION_TABLE,4,TRUE)))
V42: =IF(COUNT($F42:$U42)=0,"",SUM($F42:$U42)) | W42: =IF(ISERROR(IF($V42="","",ROUND(($V42/$V$13)*$W$13,2))),"",IF($V42="","",ROUND(($V42/$V$13)*$W$13,2))) | X42: =IF($W42="","",ROUND($W42*$X$13,2)) | AJ42: =IF(COUNT($Y42:$AI42)=0,"",SUM($Y42:$AI42)) | AK42: =IF(ISERROR(IF($AJ42="","",ROUND(($AJ42/$AJ$13)*$AK$13,2))),"",IF($AJ42="","",ROUND(($AJ42/$AJ$13)*$AK$13,2))) | AL42: =IF($AK42="","",ROUND($AK42*$AL$13,2)) | AN42: =IF(ISERROR(IF($AM42="","",ROUND(($AM42/$AM$13)*$AN$13,2))),"",IF($AM42="","",ROUND(($AM42/$AM$13)*$AN$13,2))) | AO42: =IF($AN42="","",ROUND($AN42*$AO$13,2)) | AP42: =IF(ISERROR(IF($AM42="","",ROUND(SUM($X42,$AL42,$AO42),2))),"",IF($AM42="","",ROUND(SUM($X42,$AL42,$AO42),2))) | AQ42: =IF(ISERROR(IF($AM42="","",VLOOKUP(AP42,TRANSMUTATION_TABLE,4,TRUE))),"",IF($AM42="","",VLOOKUP(AP42,TRANSMUTATION_TABLE,4,TRUE)))
V43: =IF(COUNT($F43:$U43)=0,"",SUM($F43:$U43)) | W43: =IF(ISERROR(IF($V43="","",ROUND(($V43/$V$13)*$W$13,2))),"",IF($V43="","",ROUND(($V43/$V$13)*$W$13,2))) | X43: =IF($W43="","",ROUND($W43*$X$13,2)) | AJ43: =IF(COUNT($Y43:$AI43)=0,"",SUM($Y43:$AI43)) | AK43: =IF(ISERROR(IF($AJ43="","",ROUND(($AJ43/$AJ$13)*$AK$13,2))),"",IF($AJ43="","",ROUND(($AJ43/$AJ$13)*$AK$13,2))) | AL43: =IF($AK43="","",ROUND($AK43*$AL$13,2)) | AN43: =IF(ISERROR(IF($AM43="","",ROUND(($AM43/$AM$13)*$AN$13,2))),"",IF($AM43="","",ROUND(($AM43/$AM$13)*$AN$13,2))) | AO43: =IF($AN43="","",ROUND($AN43*$AO$13,2)) | AP43: =IF(ISERROR(IF($AM43="","",ROUND(SUM($X43,$AL43,$AO43),2))),"",IF($AM43="","",ROUND(SUM($X43,$AL43,$AO43),2))) | AQ43: =IF(ISERROR(IF($AM43="","",VLOOKUP(AP43,TRANSMUTATION_TABLE,4,TRUE))),"",IF($AM43="","",VLOOKUP(AP43,TRANSMUTATION_TABLE,4,TRUE)))
V44: =IF(COUNT($F44:$U44)=0,"",SUM($F44:$U44)) | W44: =IF(ISERROR(IF($V44="","",ROUND(($V44/$V$13)*$W$13,2))),"",IF($V44="","",ROUND(($V44/$V$13)*$W$13,2))) | X44: =IF($W44="","",ROUND($W44*$X$13,2)) | AJ44: =IF(COUNT($Y44:$AI44)=0,"",SUM($Y44:$AI44)) | AK44: =IF(ISERROR(IF($AJ44="","",ROUND(($AJ44/$AJ$13)*$AK$13,2))),"",IF($AJ44="","",ROUND(($AJ44/$AJ$13)*$AK$13,2))) | AL44: =IF($AK44="","",ROUND($AK44*$AL$13,2)) | AN44: =IF(ISERROR(IF($AM44="","",ROUND(($AM44/$AM$13)*$AN$13,2))),"",IF($AM44="","",ROUND(($AM44/$AM$13)*$AN$13,2))) | AO44: =IF($AN44="","",ROUND($AN44*$AO$13,2)) | AP44: =IF(ISERROR(IF($AM44="","",ROUND(SUM($X44,$AL44,$AO44),2))),"",IF($AM44="","",ROUND(SUM($X44,$AL44,$AO44),2))) | AQ44: =IF(ISERROR(IF($AM44="","",VLOOKUP(AP44,TRANSMUTATION_TABLE,4,TRUE))),"",IF($AM44="","",VLOOKUP(AP44,TRANSMUTATION_TABLE,4,TRUE)))
V45: =IF(COUNT($F45:$U45)=0,"",SUM($F45:$U45)) | W45: =IF(ISERROR(IF($V45="","",ROUND(($V45/$V$13)*$W$13,2))),"",IF($V45="","",ROUND(($V45/$V$13)*$W$13,2))) | X45: =IF($W45="","",ROUND($W45*$X$13,2)) | AJ45: =IF(COUNT($Y45:$AI45)=0,"",SUM($Y45:$AI45)) | AK45: =IF(ISERROR(IF($AJ45="","",ROUND(($AJ45/$AJ$13)*$AK$13,2))),"",IF($AJ45="","",ROUND(($AJ45/$AJ$13)*$AK$13,2))) | AL45: =IF($AK45="","",ROUND($AK45*$AL$13,2)) | AN45: =IF(ISERROR(IF($AM45="","",ROUND(($AM45/$AM$13)*$AN$13,2))),"",IF($AM45="","",ROUND(($AM45/$AM$13)*$AN$13,2))) | AO45: =IF($AN45="","",ROUND($AN45*$AO$13,2)) | AP45: =IF(ISERROR(IF($AM45="","",ROUND(SUM($X45,$AL45,$AO45),2))),"",IF($AM45="","",ROUND(SUM($X45,$AL45,$AO45),2))) | AQ45: =IF(ISERROR(IF($AM45="","",VLOOKUP(AP45,TRANSMUTATION_TABLE,4,TRUE))),"",IF($AM45="","",VLOOKUP(AP45,TRANSMUTATION_TABLE,4,TRUE)))
V49: =IF(COUNT($F49:$U49)=0,"",SUM($F49:$U49)) | W49: =IF(ISERROR(IF($V49="","",ROUND(($V49/$V$13)*$W$13,2))),"",IF($V49="","",ROUND(($V49/$V$13)*$W$13,2))) | X49: =IF($W49="","",ROUND($W49*$X$13,2)) | AJ49: =IF(COUNT($Y49:$AI49)=0,"",SUM($Y49:$AI49)) | AK49: =IF(ISERROR(IF($AJ49="","",ROUND(($AJ49/$AJ$13)*$AK$13,2))),"",IF($AJ49="","",ROUND(($AJ49/$AJ$13)*$AK$13,2))) | AL49: =IF($AK49="","",ROUND($AK49*$AL$13,2)) | AN49: =IF(ISERROR(IF($AM49="","",ROUND(($AM49/$AM$13)*$AN$13,2))),"",IF($AM49="","",ROUND(($AM49/$AM$13)*$AN$13,2))) | AO49: =IF($AN49="","",ROUND($AN49*$AO$13,2)) | AP49: =IF(ISERROR(IF($AM49="","",ROUND(SUM($X49,$AL49,$AO49),2))),"",IF($AM49="","",ROUND(SUM($X49,$AL49,$AO49),2))) | AQ49: =IF(ISERROR(IF($AM49="","",VLOOKUP(AP49,TRANSMUTATION_TABLE,4,TRUE))),"",IF($AM49="","",VLOOKUP(AP49,TRANSMUTATION_TABLE,4,TRUE)))
V50: =IF(COUNT($F50:$U50)=0,"",SUM($F50:$U50)) | W50: =IF(ISERROR(IF($V50="","",ROUND(($V50/$V$13)*$W$13,2))),"",IF($V50="","",ROUND(($V50/$V$13)*$W$13,2))) | X50: =IF($W50="","",ROUND($W50*$X$13,2)) | AJ50: =IF(COUNT($Y50:$AI50)=0,"",SUM($Y50:$AI50)) | AK50: =IF(ISERROR(IF($AJ50="","",ROUND(($AJ50/$AJ$13)*$AK$13,2))),"",IF($AJ50="","",ROUND(($AJ50/$AJ$13)*$AK$13,2))) | AL50: =IF($AK50="","",ROUND($AK50*$AL$13,2)) | AN50: =IF(ISERROR(IF($AM50="","",ROUND(($AM50/$AM$13)*$AN$13,2))),"",IF($AM50="","",ROUND(($AM50/$AM$13)*$AN$13,2))) | AO50: =IF($AN50="","",ROUND($AN50*$AO$13,2)) | AP50: =IF(ISERROR(IF($AM50="","",ROUND(SUM($X50,$AL50,$AO50),2))),"",IF($AM50="","",ROUND(SUM($X50,$AL50,$AO50),2))) | AQ50: =IF(ISERROR(IF($AM50="","",VLOOKUP(AP50,TRANSMUTATION_TABLE,4,TRUE))),"",IF($AM50="","",VLOOKUP(AP50,TRANSMUTATION_TABLE,4,TRUE)))
V51: =IF(COUNT($F51:$U51)=0,"",SUM($F51:$U51)) | W51: =IF(ISERROR(IF($V51="","",ROUND(($V51/$V$13)*$W$13,2))),"",IF($V51="","",ROUND(($V51/$V$13)*$W$13,2))) | X51: =IF($W51="","",ROUND($W51*$X$13,2)) | AJ51: =IF(COUNT($Y51:$AI51)=0,"",SUM($Y51:$AI51)) | AK51: =IF(ISERROR(IF($AJ51="","",ROUND(($AJ51/$AJ$13)*$AK$13,2))),"",IF($AJ51="","",ROUND(($AJ51/$AJ$13)*$AK$13,2))) | AL51: =IF($AK51="","",ROUND($AK51*$AL$13,2)) | AN51: =IF(ISERROR(IF($AM51="","",ROUND(($AM51/$AM$13)*$AN$13,2))),"",IF($AM51="","",ROUND(($AM51/$AM$13)*$AN$13,2))) | AO51: =IF($AN51="","",ROUND($AN51*$AO$13,2)) | AP51: =IF(ISERROR(IF($AM51="","",ROUND(SUM($X51,$AL51,$AO51),2))),"",IF($AM51="","",ROUND(SUM($X51,$AL51,$AO51),2))) | AQ51: =IF(ISERROR(IF($AM51="","",VLOOKUP(AP51,TRANSMUTATION_TABLE,4,TRUE))),"",IF($AM51="","",VLOOKUP(AP51,TRANSMUTATION_TABLE,4,TRUE)))
V52: =IF(COUNT($F52:$U52)=0,"",SUM($F52:$U52)) | W52: =IF(ISERROR(IF($V52="","",ROUND(($V52/$V$13)*$W$13,2))),"",IF($V52="","",ROUND(($V52/$V$13)*$W$13,2))) | X52: =IF($W52="","",ROUND($W52*$X$13,2)) | AJ52: =IF(COUNT($Y52:$AI52)=0,"",SUM($Y52:$AI52)) | AK52: =IF(ISERROR(IF($AJ52="","",ROUND(($AJ52/$AJ$13)*$AK$13,2))),"",IF($AJ52="","",ROUND(($AJ52/$AJ$13)*$AK$13,2))) | AL52: =IF($AK52="","",ROUND($AK52*$AL$13,2)) | AN52: =IF(ISERROR(IF($AM52="","",ROUND(($AM52/$AM$13)*$AN$13,2))),"",IF($AM52="","",ROUND(($AM52/$AM$13)*$AN$13,2))) | AO52: =IF($AN52="","",ROUND($AN52*$AO$13,2)) | AP52: =IF(ISERROR(IF($AM52="","",ROUND(SUM($X52,$AL52,$AO52),2))),"",IF($AM52="","",ROUND(SUM($X52,$AL52,$AO52),2))) | AQ52: =IF(ISERROR(IF($AM52="","",VLOOKUP(AP52,TRANSMUTATION_TABLE,4,TRUE))),"",IF($AM52="","",VLOOKUP(AP52,TRANSMUTATION_TABLE,4,TRUE)))
V53: =IF(COUNT($F53:$U53)=0,"",SUM($F53:$U53)) | W53: =IF(ISERROR(IF($V53="","",ROUND(($V53/$V$13)*$W$13,2))),"",IF($V53="","",ROUND(($V53/$V$13)*$W$13,2))) | X53: =IF($W53="","",ROUND($W53*$X$13,2)) | AJ53: =IF(COUNT($Y53:$AI53)=0,"",SUM($Y53:$AI53)) | AK53: =IF(ISERROR(IF($AJ53="","",ROUND(($AJ53/$AJ$13)*$AK$13,2))),"",IF($AJ53="","",ROUND(($AJ53/$AJ$13)*$AK$13,2))) | AL53: =IF($AK53="","",ROUND($AK53*$AL$13,2)) | AN53: =IF(ISERROR(IF($AM53="","",ROUND(($AM53/$AM$13)*$AN$13,2))),"",IF($AM53="","",ROUND(($AM53/$AM$13)*$AN$13,2))) | AO53: =IF($AN53="","",ROUND($AN53*$AO$13,2)) | AP53: =IF(ISERROR(IF($AM53="","",ROUND(SUM($X53,$AL53,$AO53),2))),"",IF($AM53="","",ROUND(SUM($X53,$AL53,$AO53),2))) | AQ53: =IF(ISERROR(IF($AM53="","",VLOOKUP(AP53,TRANSMUTATION_TABLE,4,TRUE))),"",IF($AM53="","",VLOOKUP(AP53,TRANSMUTATION_TABLE,4,TRUE)))
A55: Class Record
A57: (Pursuant to Deped Order 8 series of 2015)
C58: REGION | G58: NCR | U58: DIVISION | V58: PARAÑAQUE | Z58: DISTRICT | AH58: VII
B60: SCHOOL NAME | G60: PARAÑAQUE NATIONAL HIGH SCHOOL - BACLARAN | Z60: SCHOOL ID | AH60: 305426 | AK60: SCHOOL YEAR | AN60: 2025 - 2026
A62: SECOND QUARTER | F62: GRADE & SECTION: | O62: IX - | W62: TEACHER: | Y62: MRS. VANESSA G. LAS PIÑAS - TALENTO | AJ62: SUBJECT: | AL62: SCIENCE 9
B63: LEARNERS' NAMES | F63: WRITTEN WORKS (40%) | Y63: PERFORMANCE TASKS (40%) | AM63: QUARTERLY ASSESSMENT (20%) | AP63: Initial Grade | AQ63: Quarterly Grade
F64: SEATWORKS / QUIZZES / ASSIGNMENTS | U64: Notebook | Y64: GROUP ACTIVITY | AI64: Recitation
F65: (Let's Recall, Let's Apply, Let's Analyze, Let's Try) | Y65: Let's Create | AM65: Periodic Test
F66: 1 | G66: 2 | H66: 3 | I66: 4 | J66: 5 | K66: 6 | L66: 7 | M66: 8 | N66: 9 | O66: 10 | P66: 11 | Q66: 12 | R66: 13 | S66: 14 | T66: 15 | U66: 2 | V66: Total | W66: PS | X66: WS | Y66: 1 | Z66: 2 | AA66: 3 | AB66: 4 | AC66: 5 | AD66: 6 | AE66: 7 | AF66: 8 | AG66: 9 | AH66: 10 | AI66: 2 | AJ66: Total | AK66: PS | AL66: WS | AM66: 2 | AN66: PS | AO66: WS
B67: HIGHEST POSSIBLE SCORE | V67: =IF(COUNT($F67:$U67)=0,"",SUM($F67:$U67)) | W67: 100 | X67: 0.4 | AJ67: =IF(COUNT($Y67:$AI67)=0,"",SUM($Y67:$AI67)) | AK67: 100 | AL67: 0.4 | AM67: 40 | AN67: 100 | AO67: 0.2
B68: FEMALE
A69: 1 | V69: =IF(COUNT($F69:$U69)=0,"",SUM($F69:$U69)) | W69: =IF(ISERROR(IF($V69="","",ROUND(($V69/$V$13)*$W$13,2))),"",IF($V69="","",ROUND(($V69/$V$13)*$W$13,2))) | X69: =IF($W69="","",ROUND($W69*$X$13,2)) | AJ69: =IF(COUNT($Y69:$AI69)=0,"",SUM($Y69:$AI69)) | AK69: =IF(ISERROR(IF($AJ69="","",ROUND(($AJ69/$AJ$13)*$AK$13,2))),"",IF($AJ69="","",ROUND(($AJ69/$AJ$13)*$AK$13,2))) | AL69: =IF($AK69="","",ROUND($AK69*$AL$13,2)) | AN69: =IF(ISERROR(IF($AM69="","",ROUND(($AM69/$AM$13)*$AN$13,2))),"",IF($AM69="","",ROUND(($AM69/$AM$13)*$AN$13,2))) | AO69: =IF($AN69="","",ROUND($AN69*$AO$13,2)) | AP69: =IF(ISERROR(IF($AM69="","",ROUND(SUM($X69,$AL69,$AO69),2))),"",IF($AM69="","",ROUND(SUM($X69,$AL69,$AO69),2))) | AT69: 60-69 | AU69: 78
A70: 2 | V70: =IF(COUNT($F70:$U70)=0,"",SUM($F70:$U70)) | W70: =IF(ISERROR(IF($V70="","",ROUND(($V70/$V$13)*$W$13,2))),"",IF($V70="","",ROUND(($V70/$V$13)*$W$13,2))) | X70: =IF($W70="","",ROUND($W70*$X$13,2)) | AJ70: =IF(COUNT($Y70:$AI70)=0,"",SUM($Y70:$AI70)) | AK70: =IF(ISERROR(IF($AJ70="","",ROUND(($AJ70/$AJ$13)*$AK$13,2))),"",IF($AJ70="","",ROUND(($AJ70/$AJ$13)*$AK$13,2))) | AL70: =IF($AK70="","",ROUND($AK70*$AL$13,2)) | AN70: =IF(ISERROR(IF($AM70="","",ROUND(($AM70/$AM$13)*$AN$13,2))),"",IF($AM70="","",ROUND(($AM70/$AM$13)*$AN$13,2))) | AO70: =IF($AN70="","",ROUND($AN70*$AO$13,2)) | AP70: =IF(ISERROR(IF($AM70="","",ROUND(SUM($X70,$AL70,$AO70),2))),"",IF($AM70="","",ROUND(SUM($X70,$AL70,$AO70),2))) | AT70: 70-74 | AU70: 79
A71: 3 | V71: =IF(COUNT($F71:$U71)=0,"",SUM($F71:$U71)) | W71: =IF(ISERROR(IF($V71="","",ROUND(($V71/$V$13)*$W$13,2))),"",IF($V71="","",ROUND(($V71/$V$13)*$W$13,2))) | X71: =IF($W71="","",ROUND($W71*$X$13,2)) | AJ71: =IF(COUNT($Y71:$AI71)=0,"",SUM($Y71:$AI71)) | AK71: =IF(ISERROR(IF($AJ71="","",ROUND(($AJ71/$AJ$13)*$AK$13,2))),"",IF($AJ71="","",ROUND(($AJ71/$AJ$13)*$AK$13,2))) | AL71: =IF($AK71="","",ROUND($AK71*$AL$13,2)) | AN71: =IF(ISERROR(IF($AM71="","",ROUND(($AM71/$AM$13)*$AN$13,2))),"",IF($AM71="","",ROUND(($AM71/$AM$13)*$AN$13,2))) | AO71: =IF($AN71="","",ROUND($AN71*$AO$13,2)) | AP71: =IF(ISERROR(IF($AM71="","",ROUND(SUM($X71,$AL71,$AO71),2))),"",IF($AM71="","",ROUND(SUM($X71,$AL71,$AO71),2))) | AT71: 75-79 | AU71: 80
A72: 4 | V72: =IF(COUNT($F72:$U72)=0,"",SUM($F72:$U72)) | W72: =IF(ISERROR(IF($V72="","",ROUND(($V72/$V$13)*$W$13,2))),"",IF($V72="","",ROUND(($V72/$V$13)*$W$13,2))) | X72: =IF($W72="","",ROUND($W72*$X$13,2)) | AJ72: =IF(COUNT($Y72:$AI72)=0,"",SUM($Y72:$AI72)) | AK72: =IF(ISERROR(IF($AJ72="","",ROUND(($AJ72/$AJ$13)*$AK$13,2))),"",IF($AJ72="","",ROUND(($AJ72/$AJ$13)*$AK$13,2))) | AL72: =IF($AK72="","",ROUND($AK72*$AL$13,2)) | AN72: =IF(ISERROR(IF($AM72="","",ROUND(($AM72/$AM$13)*$AN$13,2))),"",IF($AM72="","",ROUND(($AM72/$AM$13)*$AN$13,2))) | AO72: =IF($AN72="","",ROUND($AN72*$AO$13,2)) | AP72: =IF(ISERROR(IF($AM72="","",ROUND(SUM($X72,$AL72,$AO72),2))),"",IF($AM72="","",ROUND(SUM($X72,$AL72,$AO72),2))) | AT72: 80-84 | AU72: 85
A73: 5 | V73: =IF(COUNT($F73:$U73)=0,"",SUM($F73:$U73)) | W73: =IF(ISERROR(IF($V73="","",ROUND(($V73/$V$13)*$W$13,2))),"",IF($V73="","",ROUND(($V73/$V$13)*$W$13,2))) | X73: =IF($W73="","",ROUND($W73*$X$13,2)) | AJ73: =IF(COUNT($Y73:$AI73)=0,"",SUM($Y73:$AI73)) | AK73: =IF(ISERROR(IF($AJ73="","",ROUND(($AJ73/$AJ$13)*$AK$13,2))),"",IF($AJ73="","",ROUND(($AJ73/$AJ$13)*$AK$13,2))) | AL73: =IF($AK73="","",ROUND($AK73*$AL$13,2)) | AN73: =IF(ISERROR(IF($AM73="","",ROUND(($AM73/$AM$13)*$AN$13,2))),"",IF($AM73="","",ROUND(($AM73/$AM$13)*$AN$13,2))) | AO73: =IF($AN73="","",ROUND($AN73*$AO$13,2)) | AP73: =IF(ISERROR(IF($AM73="","",ROUND(SUM($X73,$AL73,$AO73),2))),"",IF($AM73="","",ROUND(SUM($X73,$AL73,$AO73),2))) | AT73: 85-88 | AU73: 89
A74: 6 | V74: =IF(COUNT($F74:$U74)=0,"",SUM($F74:$U74)) | W74: =IF(ISERROR(IF($V74="","",ROUND(($V74/$V$13)*$W$13,2))),"",IF($V74="","",ROUND(($V74/$V$13)*$W$13,2))) | X74: =IF($W74="","",ROUND($W74*$X$13,2)) | AJ74: =IF(COUNT($Y74:$AI74)=0,"",SUM($Y74:$AI74)) | AK74: =IF(ISERROR(IF($AJ74="","",ROUND(($AJ74/$AJ$13)*$AK$13,2))),"",IF($AJ74="","",ROUND(($AJ74/$AJ$13)*$AK$13,2))) | AL74: =IF($AK74="","",ROUND($AK74*$AL$13,2)) | AN74: =IF(ISERROR(IF($AM74="","",ROUND(($AM74/$AM$13)*$AN$13,2))),"",IF($AM74="","",ROUND(($AM74/$AM$13)*$AN$13,2))) | AO74: =IF($AN74="","",ROUND($AN74*$AO$13,2)) | AP74: =IF(ISERROR(IF($AM74="","",ROUND(SUM($X74,$AL74,$AO74),2))),"",IF($AM74="","",ROUND(SUM($X74,$AL74,$AO74),2))) | AT74: 89-91 | AU74: 92
A75: 7 | V75: =IF(COUNT($F75:$U75)=0,"",SUM($F75:$U75)) | W75: =IF(ISERROR(IF($V75="","",ROUND(($V75/$V$13)*$W$13,2))),"",IF($V75="","",ROUND(($V75/$V$13)*$W$13,2))) | X75: =IF($W75="","",ROUND($W75*$X$13,2)) | AJ75: =IF(COUNT($Y75:$AI75)=0,"",SUM($Y75:$AI75)) | AK75: =IF(ISERROR(IF($AJ75="","",ROUND(($AJ75/$AJ$13)*$AK$13,2))),"",IF($AJ75="","",ROUND(($AJ75/$AJ$13)*$AK$13,2))) | AL75: =IF($AK75="","",ROUND($AK75*$AL$13,2)) | AN75: =IF(ISERROR(IF($AM75="","",ROUND(($AM75/$AM$13)*$AN$13,2))),"",IF($AM75="","",ROUND(($AM75/$AM$13)*$AN$13,2))) | AO75: =IF($AN75="","",ROUND($AN75*$AO$13,2)) | AP75: =IF(ISERROR(IF($AM75="","",ROUND(SUM($X75,$AL75,$AO75),2))),"",IF($AM75="","",ROUND(SUM($X75,$AL75,$AO75),2)))
A76: 8 | V76: =IF(COUNT($F76:$U76)=0,"",SUM($F76:$U76)) | W76: =IF(ISERROR(IF($V76="","",ROUND(($V76/$V$13)*$W$13,2))),"",IF($V76="","",ROUND(($V76/$V$13)*$W$13,2))) | X76: =IF($W76="","",ROUND($W76*$X$13,2)) | AJ76: =IF(COUNT($Y76:$AI76)=0,"",SUM($Y76:$AI76)) | AK76: =IF(ISERROR(IF($AJ76="","",ROUND(($AJ76/$AJ$13)*$AK$13,2))),"",IF($AJ76="","",ROUND(($AJ76/$AJ$13)*$AK$13,2))) | AL76: =IF($AK76="","",ROUND($AK76*$AL$13,2)) | AN76: =IF(ISERROR(IF($AM76="","",ROUND(($AM76/$AM$13)*$AN$13,2))),"",IF($AM76="","",ROUND(($AM76/$AM$13)*$AN$13,2))) | AO76: =IF($AN76="","",ROUND($AN76*$AO$13,2)) | AP76: =IF(ISERROR(IF($AM76="","",ROUND(SUM($X76,$AL76,$AO76),2))),"",IF($AM76="","",ROUND(SUM($X76,$AL76,$AO76),2)))
A77: 9 | V77: =IF(COUNT($F77:$U77)=0,"",SUM($F77:$U77)) | W77: =IF(ISERROR(IF($V77="","",ROUND(($V77/$V$13)*$W$13,2))),"",IF($V77="","",ROUND(($V77/$V$13)*$W$13,2))) | X77: =IF($W77="","",ROUND($W77*$X$13,2)) | AJ77: =IF(COUNT($Y77:$AI77)=0,"",SUM($Y77:$AI77)) | AK77: =IF(ISERROR(IF($AJ77="","",ROUND(($AJ77/$AJ$13)*$AK$13,2))),"",IF($AJ77="","",ROUND(($AJ77/$AJ$13)*$AK$13,2))) | AL77: =IF($AK77="","",ROUND($AK77*$AL$13,2)) | AN77: =IF(ISERROR(IF($AM77="","",ROUND(($AM77/$AM$13)*$AN$13,2))),"",IF($AM77="","",ROUND(($AM77/$AM$13)*$AN$13,2))) | AO77: =IF($AN77="","",ROUND($AN77*$AO$13,2)) | AP77: =IF(ISERROR(IF($AM77="","",ROUND(SUM($X77,$AL77,$AO77),2))),"",IF($AM77="","",ROUND(SUM($X77,$AL77,$AO77),2)))
A78: 10 | V78: =IF(COUNT($F78:$U78)=0,"",SUM($F78:$U78)) | W78: =IF(ISERROR(IF($V78="","",ROUND(($V78/$V$13)*$W$13,2))),"",IF($V78="","",ROUND(($V78/$V$13)*$W$13,2))) | X78: =IF($W78="","",ROUND($W78*$X$13,2)) | AJ78: =IF(COUNT($Y78:$AI78)=0,"",SUM($Y78:$AI78)) | AK78: =IF(ISERROR(IF($AJ78="","",ROUND(($AJ78/$AJ$13)*$AK$13,2))),"",IF($AJ78="","",ROUND(($AJ78/$AJ$13)*$AK$13,2))) | AL78: =IF($AK78="","",ROUND($AK78*$AL$13,2)) | AN78: =IF(ISERROR(IF($AM78="","",ROUND(($AM78/$AM$13)*$AN$13,2))),"",IF($AM78="","",ROUND(($AM78/$AM$13)*$AN$13,2))) | AO78: =IF($AN78="","",ROUND($AN78*$AO$13,2)) | AP78: =IF(ISERROR(IF($AM78="","",ROUND(SUM($X78,$AL78,$AO78),2))),"",IF($AM78="","",ROUND(SUM($X78,$AL78,$AO78),2)))
A79: 11 | V79: =IF(COUNT($F79:$U79)=0,"",SUM($F79:$U79)) | W79: =IF(ISERROR(IF($V79="","",ROUND(($V79/$V$13)*$W$13,2))),"",IF($V79="","",ROUND(($V79/$V$13)*$W$13,2))) | X79: =IF($W79="","",ROUND($W79*$X$13,2)) | AJ79: =IF(COUNT($Y79:$AI79)=0,"",SUM($Y79:$AI79)) | AK79: =IF(ISERROR(IF($AJ79="","",ROUND(($AJ79/$AJ$13)*$AK$13,2))),"",IF($AJ79="","",ROUND(($AJ79/$AJ$13)*$AK$13,2))) | AL79: =IF($AK79="","",ROUND($AK79*$AL$13,2)) | AN79: =IF(ISERROR(IF($AM79="","",ROUND(($AM79/$AM$13)*$AN$13,2))),"",IF($AM79="","",ROUND(($AM79/$AM$13)*$AN$13,2))) | AO79: =IF($AN79="","",ROUND($AN79*$AO$13,2)) | AP79: =IF(ISERROR(IF($AM79="","",ROUND(SUM($X79,$AL79,$AO79),2))),"",IF($AM79="","",ROUND(SUM($X79,$AL79,$AO79),2)))
A80: 12 | V80: =IF(COUNT($F80:$U80)=0,"",SUM($F80:$U80)) | W80: =IF(ISERROR(IF($V80="","",ROUND(($V80/$V$13)*$W$13,2))),"",IF($V80="","",ROUND(($V80/$V$13)*$W$13,2))) | X80: =IF($W80="","",ROUND($W80*$X$13,2)) | AJ80: =IF(COUNT($Y80:$AI80)=0,"",SUM($Y80:$AI80)) | AK80: =IF(ISERROR(IF($AJ80="","",ROUND(($AJ80/$AJ$13)*$AK$13,2))),"",IF($AJ80="","",ROUND(($AJ80/$AJ$13)*$AK$13,2))) | AL80: =IF($AK80="","",ROUND($AK80*$AL$13,2)) | AN80: =IF(ISERROR(IF($AM80="","",ROUND(($AM80/$AM$13)*$AN$13,2))),"",IF($AM80="","",ROUND(($AM80/$AM$13)*$AN$13,2))) | AO80: =IF($AN80="","",ROUND($AN80*$AO$13,2)) | AP80: =IF(ISERROR(IF($AM80="","",ROUND(SUM($X80,$AL80,$AO80),2))),"",IF($AM80="","",ROUND(SUM($X80,$AL80,$AO80),2)))
A81: 13 | V81: =IF(COUNT($F81:$U81)=0,"",SUM($F81:$U81)) | W81: =IF(ISERROR(IF($V81="","",ROUND(($V81/$V$13)*$W$13,2))),"",IF($V81="","",ROUND(($V81/$V$13)*$W$13,2))) | X81: =IF($W81="","",ROUND($W81*$X$13,2)) | AJ81: =IF(COUNT($Y81:$AI81)=0,"",SUM($Y81:$AI81)) | AK81: =IF(ISERROR(IF($AJ81="","",ROUND(($AJ81/$AJ$13)*$AK$13,2))),"",IF($AJ81="","",ROUND(($AJ81/$AJ$13)*$AK$13,2))) | AL81: =IF($AK81="","",ROUND($AK81*$AL$13,2)) | AN81: =IF(ISERROR(IF($AM81="","",ROUND(($AM81/$AM$13)*$AN$13,2))),"",IF($AM81="","",ROUND(($AM81/$AM$13)*$AN$13,2))) | AO81: =IF($AN81="","",ROUND($AN81*$AO$13,2)) | AP81: =IF(ISERROR(IF($AM81="","",ROUND(SUM($X81,$AL81,$AO81),2))),"",IF($AM81="","",ROUND(SUM($X81,$AL81,$AO81),2)))
A82: 14 | V82: =IF(COUNT($F82:$U82)=0,"",SUM($F82:$U82)) | W82: =IF(ISERROR(IF($V82="","",ROUND(($V82/$V$13)*$W$13,2))),"",IF($V82="","",ROUND(($V82/$V$13)*$W$13,2))) | X82: =IF($W82="","",ROUND($W82*$X$13,2)) | AJ82: =IF(COUNT($Y82:$AI82)=0,"",SUM($Y82:$AI82)) | AK82: =IF(ISERROR(IF($AJ82="","",ROUND(($AJ82/$AJ$13)*$AK$13,2))),"",IF($AJ82="","",ROUND(($AJ82/$AJ$13)*$AK$13,2))) | AL82: =IF($AK82="","",ROUND($AK82*$AL$13,2)) | AN82: =IF(ISERROR(IF($AM82="","",ROUND(($AM82/$AM$13)*$AN$13,2))),"",IF($AM82="","",ROUND(($AM82/$AM$13)*$AN$13,2))) | AO82: =IF($AN82="","",ROUND($AN82*$AO$13,2)) | AP82: =IF(ISERROR(IF($AM82="","",ROUND(SUM($X82,$AL82,$AO82),2))),"",IF($AM82="","",ROUND(SUM($X82,$AL82,$AO82),2)))
A83: 15 | V83: =IF(COUNT($F83:$U83)=0,"",SUM($F83:$U83)) | W83: =IF(ISERROR(IF($V83="","",ROUND(($V83/$V$13)*$W$13,2))),"",IF($V83="","",ROUND(($V83/$V$13)*$W$13,2))) | X83: =IF($W83="","",ROUND($W83*$X$13,2)) | AJ83: =IF(COUNT($Y83:$AI83)=0,"",SUM($Y83:$AI83)) | AK83: =IF(ISERROR(IF($AJ83="","",ROUND(($AJ83/$AJ$13)*$AK$13,2))),"",IF($AJ83="","",ROUND(($AJ83/$AJ$13)*$AK$13,2))) | AL83: =IF($AK83="","",ROUND($AK83*$AL$13,2)) | AN83: =IF(ISERROR(IF($AM83="","",ROUND(($AM83/$AM$13)*$AN$13,2))),"",IF($AM83="","",ROUND(($AM83/$AM$13)*$AN$13,2))) | AO83: =IF($AN83="","",ROUND($AN83*$AO$13,2)) | AP83: =IF(ISERROR(IF($AM83="","",ROUND(SUM($X83,$AL83,$AO83),2))),"",IF($AM83="","",ROUND(SUM($X83,$AL83,$AO83),2)))
A84: 16 | V84: =IF(COUNT($F84:$U84)=0,"",SUM($F84:$U84)) | W84: =IF(ISERROR(IF($V84="","",ROUND(($V84/$V$13)*$W$13,2))),"",IF($V84="","",ROUND(($V84/$V$13)*$W$13,2))) | X84: =IF($W84="","",ROUND($W84*$X$13,2)) | AJ84: =IF(COUNT($Y84:$AI84)=0,"",SUM($Y84:$AI84)) | AK84: =IF(ISERROR(IF($AJ84="","",ROUND(($AJ84/$AJ$13)*$AK$13,2))),"",IF($AJ84="","",ROUND(($AJ84/$AJ$13)*$AK$13,2))) | AL84: =IF($AK84="","",ROUND($AK84*$AL$13,2)) | AN84: =IF(ISERROR(IF($AM84="","",ROUND(($AM84/$AM$13)*$AN$13,2))),"",IF($AM84="","",ROUND(($AM84/$AM$13)*$AN$13,2))) | AO84: =IF($AN84="","",ROUND($AN84*$AO$13,2)) | AP84: =IF(ISERROR(IF($AM84="","",ROUND(SUM($X84,$AL84,$AO84),2))),"",IF($AM84="","",ROUND(SUM($X84,$AL84,$AO84),2)))
A85: 17 | V85: =IF(COUNT($F85:$U85)=0,"",SUM($F85:$U85)) | W85: =IF(ISERROR(IF($V85="","",ROUND(($V85/$V$13)*$W$13,2))),"",IF($V85="","",ROUND(($V85/$V$13)*$W$13,2))) | X85: =IF($W85="","",ROUND($W85*$X$13,2)) | AJ85: =IF(COUNT($Y85:$AI85)=0,"",SUM($Y85:$AI85)) | AK85: =IF(ISERROR(IF($AJ85="","",ROUND(($AJ85/$AJ$13)*$AK$13,2))),"",IF($AJ85="","",ROUND(($AJ85/$AJ$13)*$AK$13,2))) | AL85: =IF($AK85="","",ROUND($AK85*$AL$13,2)) | AN85: =IF(ISERROR(IF($AM85="","",ROUND(($AM85/$AM$13)*$AN$13,2))),"",IF($AM85="","",ROUND(($AM85/$AM$13)*$AN$13,2))) | AO85: =IF($AN85="","",ROUND($AN85*$AO$13,2)) | AP85: =IF(ISERROR(IF($AM85="","",ROUND(SUM($X85,$AL85,$AO85),2))),"",IF($AM85="","",ROUND(SUM($X85,$AL85,$AO85),2)))
A86: 18 | V86: =IF(COUNT($F86:$U86)=0,"",SUM($F86:$U86)) | W86: =IF(ISERROR(IF($V86="","",ROUND(($V86/$V$13)*$W$13,2))),"",IF($V86="","",ROUND(($V86/$V$13)*$W$13,2))) | X86: =IF($W86="","",ROUND($W86*$X$13,2)) | AJ86: =IF(COUNT($Y86:$AI86)=0,"",SUM($Y86:$AI86)) | AK86: =IF(ISERROR(IF($AJ86="","",ROUND(($AJ86/$AJ$13)*$AK$13,2))),"",IF($AJ86="","",ROUND(($AJ86/$AJ$13)*$AK$13,2))) | AL86: =IF($AK86="","",ROUND($AK86*$AL$13,2)) | AN86: =IF(ISERROR(IF($AM86="","",ROUND(($AM86/$AM$13)*$AN$13,2))),"",IF($AM86="","",ROUND(($AM86/$AM$13)*$AN$13,2))) | AO86: =IF($AN86="","",ROUND($AN86*$AO$13,2)) | AP86: =IF(ISERROR(IF($AM86="","",ROUND(SUM($X86,$AL86,$AO86),2))),"",IF($AM86="","",ROUND(SUM($X86,$AL86,$AO86),2)))
... A94: 26 | V94: =IF(COUNT($F94:$U94)=0,"",SUM($F94:$U94)) | W94: =IF(ISERROR(IF($V94="","",ROUND(($V94/$V$13)*$W$13,2))),"",IF($V94="","",ROUND(($V94/$V$13)*$W$13,2))) | X94: =IF($W94="","",ROUND($W94*$X$13,2)) | AJ94: =IF(COUNT($Y94:$AI94)=0,"",SUM($Y94:$AI94)) | AK94: =IF(ISERROR(IF($AJ94="","",ROUND(($AJ94/$AJ$13)*$AK$13,2))),"",IF($AJ94="","",ROUND(($AJ94/$AJ$13)*$AK$13,2))) | AL94: =IF($AK94="","",ROUND($AK94*$AL$13,2)) | AN94: =IF(ISERROR(IF($AM94="","",ROUND(($AM94/$AM$13)*$AN$13,2))),"",IF($AM94="","",ROUND(($AM94/$AM$13)*$AN$13,2))) | AO94: =IF($AN94="","",ROUND($AN94*$AO$13,2)) | AP94: =IF(ISERROR(IF($AM94="","",ROUND(SUM($X94,$AL94,$AO94),2))),"",IF($AM94="","",ROUND(SUM($X94,$AL94,$AO94),2)))
V97: =IF(COUNT($F97:$U97)=0,"",SUM($F97:$U97)) | W97: =IF(ISERROR(IF($V97="","",ROUND(($V97/$V$13)*$W$13,2))),"",IF($V97="","",ROUND(($V97/$V$13)*$W$13,2))) | X97: =IF($W97="","",ROUND($W97*$X$13,2)) | AJ97: =IF(COUNT($Y97:$AI97)=0,"",SUM($Y97:$AI97)) | AK97: =IF(ISERROR(IF($AJ97="","",ROUND(($AJ97/$AJ$13)*$AK$13,2))),"",IF($AJ97="","",ROUND(($AJ97/$AJ$13)*$AK$13,2))) | AL97: =IF($AK97="","",ROUND($AK97*$AL$13,2)) | AN97: =IF(ISERROR(IF($AM97="","",ROUND(($AM97/$AM$13)*$AN$13,2))),"",IF($AM97="","",ROUND(($AM97/$AM$13)*$AN$13,2))) | AO97: =IF($AN97="","",ROUND($AN97*$AO$13,2)) | AP97: =IF(ISERROR(IF($AM97="","",ROUND(SUM($X97,$AL97,$AO97),2))),"",IF($AM97="","",ROUND(SUM($X97,$AL97,$AO97),2))) | AQ97: =IF(ISERROR(IF($AM97="","",VLOOKUP(AP97,TRANSMUTATION_TABLE,4,TRUE))),"",IF($AM97="","",VLOOKUP(AP97,TRANSMUTATION_TABLE,4,TRUE)))
V98: =IF(COUNT($F98:$U98)=0,"",SUM($F98:$U98)) | W98: =IF(ISERROR(IF($V98="","",ROUND(($V98/$V$13)*$W$13,2))),"",IF($V98="","",ROUND(($V98/$V$13)*$W$13,2))) | X98: =IF($W98="","",ROUND($W98*$X$13,2)) | AJ98: =IF(COUNT($Y98:$AI98)=0,"",SUM($Y98:$AI98)) | AK98: =IF(ISERROR(IF($AJ98="","",ROUND(($AJ98/$AJ$13)*$AK$13,2))),"",IF($AJ98="","",ROUND(($AJ98/$AJ$13)*$AK$13,2))) | AL98: =IF($AK98="","",ROUND($AK98*$AL$13,2)) | AN98: =IF(ISERROR(IF($AM98="","",ROUND(($AM98/$AM$13)*$AN$13,2))),"",IF($AM98="","",ROUND(($AM98/$AM$13)*$AN$13,2))) | AO98: =IF($AN98="","",ROUND($AN98*$AO$13,2)) | AP98: =IF(ISERROR(IF($AM98="","",ROUND(SUM($X98,$AL98,$AO98),2))),"",IF($AM98="","",ROUND(SUM($X98,$AL98,$AO98),2))) | AQ98: =IF(ISERROR(IF($AM98="","",VLOOKUP(AP98,TRANSMUTATION_TABLE,4,TRUE))),"",IF($AM98="","",VLOOKUP(AP98,TRANSMUTATION_TABLE,4,TRUE)))
V99: =IF(COUNT($F99:$U99)=0,"",SUM($F99:$U99)) | W99: =IF(ISERROR(IF($V99="","",ROUND(($V99/$V$13)*$W$13,2))),"",IF($V99="","",ROUND(($V99/$V$13)*$W$13,2))) | X99: =IF($W99="","",ROUND($W99*$X$13,2)) | AJ99: =IF(COUNT($Y99:$AI99)=0,"",SUM($Y99:$AI99)) | AK99: =IF(ISERROR(IF($AJ99="","",ROUND(($AJ99/$AJ$13)*$AK$13,2))),"",IF($AJ99="","",ROUND(($AJ99/$AJ$13)*$AK$13,2))) | AL99: =IF($AK99="","",ROUND($AK99*$AL$13,2)) | AN99: =IF(ISERROR(IF($AM99="","",ROUND(($AM99/$AM$13)*$AN$13,2))),"",IF($AM99="","",ROUND(($AM99/$AM$13)*$AN$13,2))) | AO99: =IF($AN99="","",ROUND($AN99*$AO$13,2)) | AP99: =IF(ISERROR(IF($AM99="","",ROUND(SUM($X99,$AL99,$AO99),2))),"",IF($AM99="","",ROUND(SUM($X99,$AL99,$AO99),2))) | AQ99: =IF(ISERROR(IF($AM99="","",VLOOKUP(AP99,TRANSMUTATION_TABLE,4,TRUE))),"",IF($AM99="","",VLOOKUP(AP99,TRANSMUTATION_TABLE,4,TRUE)))
V103: =IF(COUNT($F103:$U103)=0,"",SUM($F103:$U103)) | W103: =IF(ISERROR(IF($V103="","",ROUND(($V103/$V$13)*$W$13,2))),"",IF($V103="","",ROUND(($V103/$V$13)*$W$13,2))) | X103: =IF($W103="","",ROUND($W103*$X$13,2)) | AJ103: =IF(COUNT($Y103:$AI103)=0,"",SUM($Y103:$AI103)) | AK103: =IF(ISERROR(IF($AJ103="","",ROUND(($AJ103/$AJ$13)*$AK$13,2))),"",IF($AJ103="","",ROUND(($AJ103/$AJ$13)*$AK$13,2))) | AL103: =IF($AK103="","",ROUND($AK103*$AL$13,2)) | AN103: =IF(ISERROR(IF($AM103="","",ROUND(($AM103/$AM$13)*$AN$13,2))),"",IF($AM103="","",ROUND(($AM103/$AM$13)*$AN$13,2))) | AO103: =IF($AN103="","",ROUND($AN103*$AO$13,2)) | AP103: =IF(ISERROR(IF($AM103="","",ROUND(SUM($X103,$AL103,$AO103),2))),"",IF($AM103="","",ROUND(SUM($X103,$AL103,$AO103),2))) | AQ103: =IF(ISERROR(IF($AM103="","",VLOOKUP(AP103,TRANSMUTATION_TABLE,4,TRUE))),"",IF($AM103="","",VLOOKUP(AP103,TRANSMUTATION_TABLE,4,TRUE)))
V104: =IF(COUNT($F104:$U104)=0,"",SUM($F104:$U104)) | W104: =IF(ISERROR(IF($V104="","",ROUND(($V104/$V$13)*$W$13,2))),"",IF($V104="","",ROUND(($V104/$V$13)*$W$13,2))) | X104: =IF($W104="","",ROUND($W104*$X$13,2)) | AJ104: =IF(COUNT($Y104:$AI104)=0,"",SUM($Y104:$AI104)) | AK104: =IF(ISERROR(IF($AJ104="","",ROUND(($AJ104/$AJ$13)*$AK$13,2))),"",IF($AJ104="","",ROUND(($AJ104/$AJ$13)*$AK$13,2))) | AL104: =IF($AK104="","",ROUND($AK104*$AL$13,2)) | AN104: =IF(ISERROR(IF($AM104="","",ROUND(($AM104/$AM$13)*$AN$13,2))),"",IF($AM104="","",ROUND(($AM104/$AM$13)*$AN$13,2))) | AO104: =IF($AN104="","",ROUND($AN104*$AO$13,2)) | AP104: =IF(ISERROR(IF($AM104="","",ROUND(SUM($X104,$AL104,$AO104),2))),"",IF($AM104="","",ROUND(SUM($X104,$AL104,$AO104),2))) | AQ104: =IF(ISERROR(IF($AM104="","",VLOOKUP(AP104,TRANSMUTATION_TABLE,4,TRUE))),"",IF($AM104="","",VLOOKUP(AP104,TRANSMUTATION_TABLE,4,TRUE)))
V105: =IF(COUNT($F105:$U105)=0,"",SUM($F105:$U105)) | W105: =IF(ISERROR(IF($V105="","",ROUND(($V105/$V$13)*$W$13,2))),"",IF($V105="","",ROUND(($V105/$V$13)*$W$13,2))) | X105: =IF($W105="","",ROUND($W105*$X$13,2)) | AJ105: =IF(COUNT($Y105:$AI105)=0,"",SUM($Y105:$AI105)) | AK105: =IF(ISERROR(IF($AJ105="","",ROUND(($AJ105/$AJ$13)*$AK$13,2))),"",IF($AJ105="","",ROUND(($AJ105/$AJ$13)*$AK$13,2))) | AL105: =IF($AK105="","",ROUND($AK105*$AL$13,2)) | AN105: =IF(ISERROR(IF($AM105="","",ROUND(($AM105/$AM$13)*$AN$13,2))),"",IF($AM105="","",ROUND(($AM105/$AM$13)*$AN$13,2))) | AO105: =IF($AN105="","",ROUND($AN105*$AO$13,2)) | AP105: =IF(ISERROR(IF($AM105="","",ROUND(SUM($X105,$AL105,$AO105),2))),"",IF($AM105="","",ROUND(SUM($X105,$AL105,$AO105),2))) | AQ105: =IF(ISERROR(IF($AM105="","",VLOOKUP(AP105,TRANSMUTATION_TABLE,4,TRUE))),"",IF($AM105="","",VLOOKUP(AP105,TRANSMUTATION_TABLE,4,TRUE)))
V106: =IF(COUNT($F106:$U106)=0,"",SUM($F106:$U106)) | W106: =IF(ISERROR(IF($V106="","",ROUND(($V106/$V$13)*$W$13,2))),"",IF($V106="","",ROUND(($V106/$V$13)*$W$13,2))) | X106: =IF($W106="","",ROUND($W106*$X$13,2)) | AJ106: =IF(COUNT($Y106:$AI106)=0,"",SUM($Y106:$AI106)) | AK106: =IF(ISERROR(IF($AJ106="","",ROUND(($AJ106/$AJ$13)*$AK$13,2))),"",IF($AJ106="","",ROUND(($AJ106/$AJ$13)*$AK$13,2))) | AL106: =IF($AK106="","",ROUND($AK106*$AL$13,2)) | AN106: =IF(ISERROR(IF($AM106="","",ROUND(($AM106/$AM$13)*$AN$13,2))),"",IF($AM106="","",ROUND(($AM106/$AM$13)*$AN$13,2))) | AO106: =IF($AN106="","",ROUND($AN106*$AO$13,2)) | AP106: =IF(ISERROR(IF($AM106="","",ROUND(SUM($X106,$AL106,$AO106),2))),"",IF($AM106="","",ROUND(SUM($X106,$AL106,$AO106),2))) | AQ106: =IF(ISERROR(IF($AM106="","",VLOOKUP(AP106,TRANSMUTATION_TABLE,4,TRUE))),"",IF($AM106="","",VLOOKUP(AP106,TRANSMUTATION_TABLE,4,TRUE)))
V107: =IF(COUNT($F107:$U107)=0,"",SUM($F107:$U107)) | W107: =IF(ISERROR(IF($V107="","",ROUND(($V107/$V$13)*$W$13,2))),"",IF($V107="","",ROUND(($V107/$V$13)*$W$13,2))) | X107: =IF($W107="","",ROUND($W107*$X$13,2)) | AJ107: =IF(COUNT($Y107:$AI107)=0,"",SUM($Y107:$AI107)) | AK107: =IF(ISERROR(IF($AJ107="","",ROUND(($AJ107/$AJ$13)*$AK$13,2))),"",IF($AJ107="","",ROUND(($AJ107/$AJ$13)*$AK$13,2))) | AL107: =IF($AK107="","",ROUND($AK107*$AL$13,2)) | AN107: =IF(ISERROR(IF($AM107="","",ROUND(($AM107/$AM$13)*$AN$13,2))),"",IF($AM107="","",ROUND(($AM107/$AM$13)*$AN$13,2))) | AO107: =IF($AN107="","",ROUND($AN107*$AO$13,2)) | AP107: =IF(ISERROR(IF($AM107="","",ROUND(SUM($X107,$AL107,$AO107),2))),"",IF($AM107="","",ROUND(SUM($X107,$AL107,$AO107),2))) | AQ107: =IF(ISERROR(IF($AM107="","",VLOOKUP(AP107,TRANSMUTATION_TABLE,4,TRUE))),"",IF($AM107="","",VLOOKUP(AP107,TRANSMUTATION_TABLE,4,TRUE)))

Sheet SCIENCE_Q3
A1: Class Record
A3: (Pursuant to Deped Order 8 series of 2015)
C4: REGION | G4: NCR | U4: DIVISION | V4: PARAÑAQUE | Z4: DISTRICT | AH4: VII
B6: SCHOOL NAME | G6: PARAÑAQUE NATIONAL HIGH SCHOOL - BACLARAN | Z6: SCHOOL ID | AH6: 305426 | AK6: SCHOOL YEAR | AN6: 2025 - 2026
A8: THIRD QUARTER | F8: GRADE & SECTION: | O8: IX - | W8: TEACHER: | Y8: MRS. VANESSA G. LAS PIÑAS - TALENTO | AJ8: SUBJECT: | AL8: SCIENCE 9
B9: LEARNERS' NAMES | F9: WRITTEN WORKS (40%) | Y9: PERFORMANCE TASKS (40%) | AM9: QUARTERLY ASSESSMENT (20%) | AP9: Initial Grade | AQ9: Quarterly Grade
F10: SEATWORK | U10: Notebook | Y10: GROUP ACTIVITY | AI10: Recitation
F11: (Let's Recall, Let's Apply, Let's Analyze, Let's Try) | Y11: Let's Create | AM11: Periodic Test
F12: 1 | G12: 2 | H12: 3 | I12: 4 | J12: 5 | K12: 6 | L12: 7 | M12: 8 | N12: 9 | O12: 10 | P12: 11 | Q12: 12 | R12: 13 | S12: 14 | T12: 15 | U12: 3 | V12: Total | W12: PS | X12: WS | Y12: 1 | Z12: 2 | AA12: 3 | AB12: 4 | AC12: 5 | AD12: 6 | AE12: 7 | AF12: 8 | AG12: 9 | AH12: 10 | AI12: 3 | AJ12: Total | AK12: PS | AL12: WS | AM12: 3 | AN12: PS | AO12: WS
B13: HIGHEST POSSIBLE SCORE | V13: =IF(COUNT($F13:$U13)=0,"",SUM($F13:$U13)) | W13: 100 | X13: 0.4 | AJ13: =IF(COUNT($Y13:$AI13)=0,"",SUM($Y13:$AI13)) | AK13: 100 | AL13: 0.4 | AM13: 40 | AN13: 100 | AO13: 0.2
B14: MALE
A15: 1 | V15: =IF(COUNT($F15:$U15)=0,"",SUM($F15:$U15)) | W15: =IF(ISERROR(IF($V15="","",ROUND(($V15/$V$13)*$W$13,2))),"",IF($V15="","",ROUND(($V15/$V$13)*$W$13,2))) | X15: =IF($W15="","",ROUND($W15*$X$13,2)) | AJ15: =IF(COUNT($Y15:$AI15)=0,"",SUM($Y15:$AI15)) | AK15: =IF(ISERROR(IF($AJ15="","",ROUND(($AJ15/$AJ$13)*$AK$13,2))),"",IF($AJ15="","",ROUND(($AJ15/$AJ$13)*$AK$13,2))) | AL15: =IF($AK15="","",ROUND($AK15*$AL$13,2)) | AN15: =IF(ISERROR(IF($AM15="","",ROUND(($AM15/$AM$13)*$AN$13,2))),"",IF($AM15="","",ROUND(($AM15/$AM$13)*$AN$13,2))) | AO15: =IF($AN15="","",ROUND($AN15*$AO$13,2)) | AP15: =IF(ISERROR(IF($AM15="","",ROUND(SUM($X15,$AL15,$AO15),2))),"",IF($AM15="","",ROUND(SUM($X15,$AL15,$AO15),2))) | AQ15: =IF(ISERROR(IF($AM15="","",VLOOKUP(AP15,TRANSMUTATION_TABLE,4,TRUE))),"",IF($AM15="","",VLOOKUP(AP15,TRANSMUTATION_TABLE,4,TRUE))) | AT15: 60-69 | AU15: 78
A16: 2 | V16: =IF(COUNT($F16:$U16)=0,"",SUM($F16:$U16)) | W16: =IF(ISERROR(IF($V16="","",ROUND(($V16/$V$13)*$W$13,2))),"",IF($V16="","",ROUND(($V16/$V$13)*$W$13,2))) | X16: =IF($W16="","",ROUND($W16*$X$13,2)) | AJ16: =IF(COUNT($Y16:$AI16)=0,"",SUM($Y16:$AI16)) | AK16: =IF(ISERROR(IF($AJ16="","",ROUND(($AJ16/$AJ$13)*$AK$13,2))),"",IF($AJ16="","",ROUND(($AJ16/$AJ$13)*$AK$13,2))) | AL16: =IF($AK16="","",ROUND($AK16*$AL$13,2)) | AN16: =IF(ISERROR(IF($AM16="","",ROUND(($AM16/$AM$13)*$AN$13,2))),"",IF($AM16="","",ROUND(($AM16/$AM$13)*$AN$13,2))) | AO16: =IF($AN16="","",ROUND($AN16*$AO$13,2)) | AP16: =IF(ISERROR(IF($AM16="","",ROUND(SUM($X16,$AL16,$AO16),2))),"",IF($AM16="","",ROUND(SUM($X16,$AL16,$AO16),2))) | AQ16: =IF(ISERROR(IF($AM16="","",VLOOKUP(AP16,TRANSMUTATION_TABLE,4,TRUE))),"",IF($AM16="","",VLOOKUP(AP16,TRANSMUTATION_TABLE,4,TRUE))) | AT16: 70-74 | AU16: 79
A17: 3 | V17: =IF(COUNT($F17:$U17)=0,"",SUM($F17:$U17)) | W17: =IF(ISERROR(IF($V17="","",ROUND(($V17/$V$13)*$W$13,2))),"",IF($V17="","",ROUND(($V17/$V$13)*$W$13,2))) | X17: =IF($W17="","",ROUND($W17*$X$13,2)) | AJ17: =IF(COUNT($Y17:$AI17)=0,"",SUM($Y17:$AI17)) | AK17: =IF(ISERROR(IF($AJ17="","",ROUND(($AJ17/$AJ$13)*$AK$13,2))),"",IF($AJ17="","",ROUND(($AJ17/$AJ$13)*$AK$13,2))) | AL17: =IF($AK17="","",ROUND($AK17*$AL$13,2)) | AN17: =IF(ISERROR(IF($AM17="","",ROUND(($AM17/$AM$13)*$AN$13,2))),"",IF($AM17="","",ROUND(($AM17/$AM$13)*$AN$13,2))) | AO17: =IF($AN17="","",ROUND($AN17*$AO$13,2)) | AP17: =IF(ISERROR(IF($AM17="","",ROUND(SUM($X17,$AL17,$AO17),2))),"",IF($AM17="","",ROUND(SUM($X17,$AL17,$AO17),2))) | AQ17: =IF(ISERROR(IF($AM17="","",VLOOKUP(AP17,TRANSMUTATION_TABLE,4,TRUE))),"",IF($AM17="","",VLOOKUP(AP17,TRANSMUTATION_TABLE,4,TRUE))) | AT17: 75-79 | AU17: 80
A18: 4 | V18: =IF(COUNT($F18:$U18)=0,"",SUM($F18:$U18)) | W18: =IF(ISERROR(IF($V18="","",ROUND(($V18/$V$13)*$W$13,2))),"",IF($V18="","",ROUND(($V18/$V$13)*$W$13,2))) | X18: =IF($W18="","",ROUND($W18*$X$13,2)) | AJ18: =IF(COUNT($Y18:$AI18)=0,"",SUM($Y18:$AI18)) | AK18: =IF(ISERROR(IF($AJ18="","",ROUND(($AJ18/$AJ$13)*$AK$13,2))),"",IF($AJ18="","",ROUND(($AJ18/$AJ$13)*$AK$13,2))) | AL18: =IF($AK18="","",ROUND($AK18*$AL$13,2)) | AN18: =IF(ISERROR(IF($AM18="","",ROUND(($AM18/$AM$13)*$AN$13,2))),"",IF($AM18="","",ROUND(($AM18/$AM$13)*$AN$13,2))) | AO18: =IF($AN18="","",ROUND($AN18*$AO$13,2)) | AP18: =IF(ISERROR(IF($AM18="","",ROUND(SUM($X18,$AL18,$AO18),2))),"",IF($AM18="","",ROUND(SUM($X18,$AL18,$AO18),2))) | AQ18: =IF(ISERROR(IF($AM18="","",VLOOKUP(AP18,TRANSMUTATION_TABLE,4,TRUE))),"",IF($AM18="","",VLOOKUP(AP18,TRANSMUTATION_TABLE,4,TRUE))) | AT18: 80-84 | AU18: 85
A19: 5 | V19: =IF(COUNT($F19:$U19)=0,"",SUM($F19:$U19)) | W19: =IF(ISERROR(IF($V19="","",ROUND(($V19/$V$13)*$W$13,2))),"",IF($V19="","",ROUND(($V19/$V$13)*$W$13,2))) | X19: =IF($W19="","",ROUND($W19*$X$13,2)) | AJ19: =IF(COUNT($Y19:$AI19)=0,"",SUM($Y19:$AI19)) | AK19: =IF(ISERROR(IF($AJ19="","",ROUND(($AJ19/$AJ$13)*$AK$13,2))),"",IF($AJ19="","",ROUND(($AJ19/$AJ$13)*$AK$13,2))) | AL19: =IF($AK19="","",ROUND($AK19*$AL$13,2)) | AN19: =IF(ISERROR(IF($AM19="","",ROUND(($AM19/$AM$13)*$AN$13,2))),"",IF($AM19="","",ROUND(($AM19/$AM$13)*$AN$13,2))) | AO19: =IF($AN19="","",ROUND($AN19*$AO$13,2)) | AP19: =IF(ISERROR(IF($AM19="","",ROUND(SUM($X19,$AL19,$AO19),2))),"",IF($AM19="","",ROUND(SUM($X19,$AL19,$AO19),2))) | AQ19: =IF(ISERROR(IF($AM19="","",VLOOKUP(AP19,TRANSMUTATION_TABLE,4,TRUE))),"",IF($AM19="","",VLOOKUP(AP19,TRANSMUTATION_TABLE,4,TRUE))) | AT19: 85-88 | AU19: 89
A20: 6 | V20: =IF(COUNT($F20:$U20)=0,"",SUM($F20:$U20)) | W20: =IF(ISERROR(IF($V20="","",ROUND(($V20/$V$13)*$W$13,2))),"",IF($V20="","",ROUND(($V20/$V$13)*$W$13,2))) | X20: =IF($W20="","",ROUND($W20*$X$13,2)) | AJ20: =IF(COUNT($Y20:$AI20)=0,"",SUM($Y20:$AI20)) | AK20: =IF(ISERROR(IF($AJ20="","",ROUND(($AJ20/$AJ$13)*$AK$13,2))),"",IF($AJ20="","",ROUND(($AJ20/$AJ$13)*$AK$13,2))) | AL20: =IF($AK20="","",ROUND($AK20*$AL$13,2)) | AN20: =IF(ISERROR(IF($AM20="","",ROUND(($AM20/$AM$13)*$AN$13,2))),"",IF($AM20="","",ROUND(($AM20/$AM$13)*$AN$13,2))) | AO20: =IF($AN20="","",ROUND($AN20*$AO$13,2)) | AP20: =IF(ISERROR(IF($AM20="","",ROUND(SUM($X20,$AL20,$AO20),2))),"",IF($AM20="","",ROUND(SUM($X20,$AL20,$AO20),2))) | AQ20: =IF(ISERROR(IF($AM20="","",VLOOKUP(AP20,TRANSMUTATION_TABLE,4,TRUE))),"",IF($AM20="","",VLOOKUP(AP20,TRANSMUTATION_TABLE,4,TRUE))) | AT20: 89-91 | AU20: 92
A21: 7 | V21: =IF(COUNT($F21:$U21)=0,"",SUM($F21:$U21)) | W21: =IF(ISERROR(IF($V21="","",ROUND(($V21/$V$13)*$W$13,2))),"",IF($V21="","",ROUND(($V21/$V$13)*$W$13,2))) | X21: =IF($W21="","",ROUND($W21*$X$13,2)) | AJ21: =IF(COUNT($Y21:$AI21)=0,"",SUM($Y21:$AI21)) | AK21: =IF(ISERROR(IF($AJ21="","",ROUND(($AJ21/$AJ$13)*$AK$13,2))),"",IF($AJ21="","",ROUND(($AJ21/$AJ$13)*$AK$13,2))) | AL21: =IF($AK21="","",ROUND($AK21*$AL$13,2)) | AN21: =IF(ISERROR(IF($AM21="","",ROUND(($AM21/$AM$13)*$AN$13,2))),"",IF($AM21="","",ROUND(($AM21/$AM$13)*$AN$13,2))) | AO21: =IF($AN21="","",ROUND($AN21*$AO$13,2)) | AP21: =IF(ISERROR(IF($AM21="","",ROUND(SUM($X21,$AL21,$AO21),2))),"",IF($AM21="","",ROUND(SUM($X21,$AL21,$AO21),2))) | AQ21: =IF(ISERROR(IF($AM21="","",VLOOKUP(AP21,TRANSMUTATION_TABLE,4,TRUE))),"",IF($AM21="","",VLOOKUP(AP21,TRANSMUTATION_TABLE,4,TRUE)))
A22: 8 | V22: =IF(COUNT($F22:$U22)=0,"",SUM($F22:$U22)) | W22: =IF(ISERROR(IF($V22="","",ROUND(($V22/$V$13)*$W$13,2))),"",IF($V22="","",ROUND(($V22/$V$13)*$W$13,2))) | X22: =IF($W22="","",ROUND($W22*$X$13,2)) | AJ22: =IF(COUNT($Y22:$AI22)=0,"",SUM($Y22:$AI22)) | AK22: =IF(ISERROR(IF($AJ22="","",ROUND(($AJ22/$AJ$13)*$AK$13,2))),"",IF($AJ22="","",ROUND(($AJ22/$AJ$13)*$AK$13,2))) | AL22: =IF($AK22="","",ROUND($AK22*$AL$13,2)) | AN22: =IF(ISERROR(IF($AM22="","",ROUND(($AM22/$AM$13)*$AN$13,2))),"",IF($AM22="","",ROUND(($AM22/$AM$13)*$AN$13,2))) | AO22: =IF($AN22="","",ROUND($AN22*$AO$13,2)) | AP22: =IF(ISERROR(IF($AM22="","",ROUND(SUM($X22,$AL22,$AO22),2))),"",IF($AM22="","",ROUND(SUM($X22,$AL22,$AO22),2))) | AQ22: =IF(ISERROR(IF($AM22="","",VLOOKUP(AP22,TRANSMUTATION_TABLE,4,TRUE))),"",IF($AM22="","",VLOOKUP(AP22,TRANSMUTATION_TABLE,4,TRUE)))
A23: 9 | V23: =IF(COUNT($F23:$U23)=0,"",SUM($F23:$U23)) | W23: =IF(ISERROR(IF($V23="","",ROUND(($V23/$V$13)*$W$13,2))),"",IF($V23="","",ROUND(($V23/$V$13)*$W$13,2))) | X23: =IF($W23="","",ROUND($W23*$X$13,2)) | AJ23: =IF(COUNT($Y23:$AI23)=0,"",SUM($Y23:$AI23)) | AK23: =IF(ISERROR(IF($AJ23="","",ROUND(($AJ23/$AJ$13)*$AK$13,2))),"",IF($AJ23="","",ROUND(($AJ23/$AJ$13)*$AK$13,2))) | AL23: =IF($AK23="","",ROUND($AK23*$AL$13,2)) | AN23: =IF(ISERROR(IF($AM23="","",ROUND(($AM23/$AM$13)*$AN$13,2))),"",IF($AM23="","",ROUND(($AM23/$AM$13)*$AN$13,2))) | AO23: =IF($AN23="","",ROUND($AN23*$AO$13,2)) | AP23: =IF(ISERROR(IF($AM23="","",ROUND(SUM($X23,$AL23,$AO23),2))),"",IF($AM23="","",ROUND(SUM($X23,$AL23,$AO23),2))) | AQ23: =IF(ISERROR(IF($AM23="","",VLOOKUP(AP23,TRANSMUTATION_TABLE,4,TRUE))),"",IF($AM23="","",VLOOKUP(AP23,TRANSMUTATION_TABLE,4,TRUE)))
A24: 10 | V24: =IF(COUNT($F24:$U24)=0,"",SUM($F24:$U24)) | W24: =IF(ISERROR(IF($V24="","",ROUND(($V24/$V$13)*$W$13,2))),"",IF($V24="","",ROUND(($V24/$V$13)*$W$13,2))) | X24: =IF($W24="","",ROUND($W24*$X$13,2)) | AJ24: =IF(COUNT($Y24:$AI24)=0,"",SUM($Y24:$AI24)) | AK24: =IF(ISERROR(IF($AJ24="","",ROUND(($AJ24/$AJ$13)*$AK$13,2))),"",IF($AJ24="","",ROUND(($AJ24/$AJ$13)*$AK$13,2))) | AL24: =IF($AK24="","",ROUND($AK24*$AL$13,2)) | AN24: =IF(ISERROR(IF($AM24="","",ROUND(($AM24/$AM$13)*$AN$13,2))),"",IF($AM24="","",ROUND(($AM24/$AM$13)*$AN$13,2))) | AO24: =IF($AN24="","",ROUND($AN24*$AO$13,2)) | AP24: =IF(ISERROR(IF($AM24="","",ROUND(SUM($X24,$AL24,$AO24),2))),"",IF($AM24="","",ROUND(SUM($X24,$AL24,$AO24),2))) | AQ24: =IF(ISERROR(IF($AM24="","",VLOOKUP(AP24,TRANSMUTATION_TABLE,4,TRUE))),"",IF($AM24="","",VLOOKUP(AP24,TRANSMUTATION_TABLE,4,TRUE)))
A25: 11 | V25: =IF(COUNT($F25:$U25)=0,"",SUM($F25:$U25)) | W25: =IF(ISERROR(IF($V25="","",ROUND(($V25/$V$13)*$W$13,2))),"",IF($V25="","",ROUND(($V25/$V$13)*$W$13,2))) | X25: =IF($W25="","",ROUND($W25*$X$13,2)) | AJ25: =IF(COUNT($Y25:$AI25)=0,"",SUM($Y25:$AI25)) | AK25: =IF(ISERROR(IF($AJ25="","",ROUND(($AJ25/$AJ$13)*$AK$13,2))),"",IF($AJ25="","",ROUND(($AJ25/$AJ$13)*$AK$13,2))) | AL25: =IF($AK25="","",ROUND($AK25*$AL$13,2)) | AN25: =IF(ISERROR(IF($AM25="","",ROUND(($AM25/$AM$13)*$AN$13,2))),"",IF($AM25="","",ROUND(($AM25/$AM$13)*$AN$13,2))) | AO25: =IF($AN25="","",ROUND($AN25*$AO$13,2)) | AP25: =IF(ISERROR(IF($AM25="","",ROUND(SUM($X25,$AL25,$AO25),2))),"",IF($AM25="","",ROUND(SUM($X25,$AL25,$AO25),2))) | AQ25: =IF(ISERROR(IF($AM25="","",VLOOKUP(AP25,TRANSMUTATION_TABLE,4,TRUE))),"",IF($AM25="","",VLOOKUP(AP25,TRANSMUTATION_TABLE,4,TRUE)))
A26: 12 | V26: =IF(COUNT($F26:$U26)=0,"",SUM($F26:$U26)) | W26: =IF(ISERROR(IF($V26="","",ROUND(($V26/$V$13)*$W$13,2))),"",IF($V26="","",ROUND(($V26/$V$13)*$W$13,2))) | X26: =IF($W26="","",ROUND($W26*$X$13,2)) | AJ26: =IF(COUNT($Y26:$AI26)=0,"",SUM($Y26:$AI26)) | AK26: =IF(ISERROR(IF($AJ26="","",ROUND(($AJ26/$AJ$13)*$AK$13,2))),"",IF($AJ26="","",ROUND(($AJ26/$AJ$13)*$AK$13,2))) | AL26: =IF($AK26="","",ROUND($AK26*$AL$13,2)) | AN26: =IF(ISERROR(IF($AM26="","",ROUND(($AM26/$AM$13)*$AN$13,2))),"",IF($AM26="","",ROUND(($AM26/$AM$13)*$AN$13,2))) | AO26: =IF($AN26="","",ROUND($AN26*$AO$13,2)) | AP26: =IF(ISERROR(IF($AM26="","",ROUND(SUM($X26,$AL26,$AO26),2))),"",IF($AM26="","",ROUND(SUM($X26,$AL26,$AO26),2))) | AQ26: =IF(ISERROR(IF($AM26="","",VLOOKUP(AP26,TRANSMUTATION_TABLE,4,TRUE))),"",IF($AM26="","",VLOOKUP(AP26,TRANSMUTATION_TABLE,4,TRUE)))
A27: 13 | V27: =IF(COUNT($F27:$U27)=0,"",SUM($F27:$U27)) | W27: =IF(ISERROR(IF($V27="","",ROUND(($V27/$V$13)*$W$13,2))),"",IF($V27="","",ROUND(($V27/$V$13)*$W$13,2))) | X27: =IF($W27="","",ROUND($W27*$X$13,2)) | AJ27: =IF(COUNT($Y27:$AI27)=0,"",SUM($Y27:$AI27)) | AK27: =IF(ISERROR(IF($AJ27="","",ROUND(($AJ27/$AJ$13)*$AK$13,2))),"",IF($AJ27="","",ROUND(($AJ27/$AJ$13)*$AK$13,2))) | AL27: =IF($AK27="","",ROUND($AK27*$AL$13,2)) | AN27: =IF(ISERROR(IF($AM27="","",ROUND(($AM27/$AM$13)*$AN$13,2))),"",IF($AM27="","",ROUND(($AM27/$AM$13)*$AN$13,2))) | AO27: =IF($AN27="","",ROUND($AN27*$AO$13,2)) | AP27: =IF(ISERROR(IF($AM27="","",ROUND(SUM($X27,$AL27,$AO27),2))),"",IF($AM27="","",ROUND(SUM($X27,$AL27,$AO27),2))) | AQ27: =IF(ISERROR(IF($AM27="","",VLOOKUP(AP27,TRANSMUTATION_TABLE,4,TRUE))),"",IF($AM27="","",VLOOKUP(AP27,TRANSMUTATION_TABLE,4,TRUE)))
A28: 14 | V28: =IF(COUNT($F28:$U28)=0,"",SUM($F28:$U28)) | W28: =IF(ISERROR(IF($V28="","",ROUND(($V28/$V$13)*$W$13,2))),"",IF($V28="","",ROUND(($V28/$V$13)*$W$13,2))) | X28: =IF($W28="","",ROUND($W28*$X$13,2)) | AJ28: =IF(COUNT($Y28:$AI28)=0,"",SUM($Y28:$AI28)) | AK28: =IF(ISERROR(IF($AJ28="","",ROUND(($AJ28/$AJ$13)*$AK$13,2))),"",IF($AJ28="","",ROUND(($AJ28/$AJ$13)*$AK$13,2))) | AL28: =IF($AK28="","",ROUND($AK28*$AL$13,2)) | AN28: =IF(ISERROR(IF($AM28="","",ROUND(($AM28/$AM$13)*$AN$13,2))),"",IF($AM28="","",ROUND(($AM28/$AM$13)*$AN$13,2))) | AO28: =IF($AN28="","",ROUND($AN28*$AO$13,2)) | AP28: =IF(ISERROR(IF($AM28="","",ROUND(SUM($X28,$AL28,$AO28),2))),"",IF($AM28="","",ROUND(SUM($X28,$AL28,$AO28),2))) | AQ28: =IF(ISERROR(IF($AM28="","",VLOOKUP(AP28,TRANSMUTATION_TABLE,4,TRUE))),"",IF($AM28="","",VLOOKUP(AP28,TRANSMUTATION_TABLE,4,TRUE)))
A29: 15 | V29: =IF(COUNT($F29:$U29)=0,"",SUM($F29:$U29)) | W29: =IF(ISERROR(IF($V29="","",ROUND(($V29/$V$13)*$W$13,2))),"",IF($V29="","",ROUND(($V29/$V$13)*$W$13,2))) | X29: =IF($W29="","",ROUND($W29*$X$13,2)) | AJ29: =IF(COUNT($Y29:$AI29)=0,"",SUM($Y29:$AI29)) | AK29: =IF(ISERROR(IF($AJ29="","",ROUND(($AJ29/$AJ$13)*$AK$13,2))),"",IF($AJ29="","",ROUND(($AJ29/$AJ$13)*$AK$13,2))) | AL29: =IF($AK29="","",ROUND($AK29*$AL$13,2)) | AN29: =IF(ISERROR(IF($AM29="","",ROUND(($AM29/$AM$13)*$AN$13,2))),"",IF($AM29="","",ROUND(($AM29/$AM$13)*$AN$13,2))) | AO29: =IF($AN29="","",ROUND($AN29*$AO$13,2)) | AP29: =IF(ISERROR(IF($AM29="","",ROUND(SUM($X29,$AL29,$AO29),2))),"",IF($AM29="","",ROUND(SUM($X29,$AL29,$AO29),2))) | AQ29: =IF(ISERROR(IF($AM29="","",VLOOKUP(AP29,TRANSMUTATION_TABLE,4,TRUE))),"",IF($AM29="","",VLOOKUP(AP29,TRANSMUTATION_TABLE,4,TRUE)))
A30: 16 | V30: =IF(COUNT($F30:$U30)=0,"",SUM($F30:$U30)) | W30: =IF(ISERROR(IF($V30="","",ROUND(($V30/$V$13)*$W$13,2))),"",IF($V30="","",ROUND(($V30/$V$13)*$W$13,2))) | X30: =IF($W30="","",ROUND($W30*$X$13,2)) | AJ30: =IF(COUNT($Y30:$AI30)=0,"",SUM($Y30:$AI30)) | AK30: =IF(ISERROR(IF($AJ30="","",ROUND(($AJ30/$AJ$13)*$AK$13,2))),"",IF($AJ30="","",ROUND(($AJ30/$AJ$13)*$AK$13,2))) | AL30: =IF($AK30="","",ROUND($AK30*$AL$13,2)) | AN30: =IF(ISERROR(IF($AM30="","",ROUND(($AM30/$AM$13)*$AN$13,2))),"",IF($AM30="","",ROUND(($AM30/$AM$13)*$AN$13,2))) | AO30: =IF($AN30="","",ROUND($AN30*$AO$13,2)) | AP30: =IF(ISERROR(IF($AM30="","",ROUND(SUM($X30,$AL30,$AO30),2))),"",IF($AM30="","",ROUND(SUM($X30,$AL30,$AO30),2))) | AQ30: =IF(ISERROR(IF($AM30="","",VLOOKUP(AP30,TRANSMUTATION_TABLE,4,TRUE))),"",IF($AM30="","",VLOOKUP(AP30,TRANSMUTATION_TABLE,4,TRUE)))
A31: 17 | V31: =IF(COUNT($F31:$U31)=0,"",SUM($F31:$U31)) | W31: =IF(ISERROR(IF($V31="","",ROUND(($V31/$V$13)*$W$13,2))),"",IF($V31="","",ROUND(($V31/$V$13)*$W$13,2))) | X31: =IF($W31="","",ROUND($W31*$X$13,2)) | AJ31: =IF(COUNT($Y31:$AI31)=0,"",SUM($Y31:$AI31)) | AK31: =IF(ISERROR(IF($AJ31="","",ROUND(($AJ31/$AJ$13)*$AK$13,2))),"",IF($AJ31="","",ROUND(($AJ31/$AJ$13)*$AK$13,2))) | AL31: =IF($AK31="","",ROUND($AK31*$AL$13,2)) | AN31: =IF(ISERROR(IF($AM31="","",ROUND(($AM31/$AM$13)*$AN$13,2))),"",IF($AM31="","",ROUND(($AM31/$AM$13)*$AN$13,2))) | AO31: =IF($AN31="","",ROUND($AN31*$AO$13,2)) | AP31: =IF(ISERROR(IF($AM31="","",ROUND(SUM($X31,$AL31,$AO31),2))),"",IF($AM31="","",ROUND(SUM($X31,$AL31,$AO31),2))) | AQ31: =IF(ISERROR(IF($AM31="","",VLOOKUP(AP31,TRANSMUTATION_TABLE,4,TRUE))),"",IF($AM31="","",VLOOKUP(AP31,TRANSMUTATION_TABLE,4,TRUE)))
A32: 18 | V32: =IF(COUNT($F32:$U32)=0,"",SUM($F32:$U32)) | W32: =IF(ISERROR(IF($V32="","",ROUND(($V32/$V$13)*$W$13,2))),"",IF($V32="","",ROUND(($V32/$V$13)*$W$13,2))) | X32: =IF($W32="","",ROUND($W32*$X$13,2)) | AJ32: =IF(COUNT($Y32:$AI32)=0,"",SUM($Y32:$AI32)) | AK32: =IF(ISERROR(IF($AJ32="","",ROUND(($AJ32/$AJ$13)*$AK$13,2))),"",IF($AJ32="","",ROUND(($AJ32/$AJ$13)*$AK$13,2))) | AL32: =IF($AK32="","",ROUND($AK32*$AL$13,2)) | AN32: =IF(ISERROR(IF($AM32="","",ROUND(($AM32/$AM$13)*$AN$13,2))),"",IF($AM32="","",ROUND(($AM32/$AM$13)*$AN$13,2))) | AO32: =IF($AN32="","",ROUND($AN32*$AO$13,2)) | AP32: =IF(ISERROR(IF($AM32="","",ROUND(SUM($X32,$AL32,$AO32),2))),"",IF($AM32="","",ROUND(SUM($X32,$AL32,$AO32),2))) | AQ32: =IF(ISERROR(IF($AM32="","",VLOOKUP(AP32,TRANSMUTATION_TABLE,4,TRUE))),"",IF($AM32="","",VLOOKUP(AP32,TRANSMUTATION_TABLE,4,TRUE)))
... A36: 22 | V36: =IF(COUNT($F36:$U36)=0,"",SUM($F36:$U36)) | W36: =IF(ISERROR(IF($V36="","",ROUND(($V36/$V$13)*$W$13,2))),"",IF($V36="","",ROUND(($V36/$V$13)*$W$13,2))) | X36: =IF($W36="","",ROUND($W36*$X$13,2)) | AJ36: =IF(COUNT($Y36:$AI36)=0,"",SUM($Y36:$AI36)) | AK36: =IF(ISERROR(IF($AJ36="","",ROUND(($AJ36/$AJ$13)*$AK$13,2))),"",IF($AJ36="","",ROUND(($AJ36/$AJ$13)*$AK$13,2))) | AL36: =IF($AK36="","",ROUND($AK36*$AL$13,2)) | AN36: =IF(ISERROR(IF($AM36="","",ROUND(($AM36/$AM$13)*$AN$13,2))),"",IF($AM36="","",ROUND(($AM36/$AM$13)*$AN$13,2))) | AO36: =IF($AN36="","",ROUND($AN36*$AO$13,2)) | AP36: =IF(ISERROR(IF($AM36="","",ROUND(SUM($X36,$AL36,$AO36),2))),"",IF($AM36="","",ROUND(SUM($X36,$AL36,$AO36),2))) | AQ36: =IF(ISERROR(IF($AM36="","",VLOOKUP(AP36,TRANSMUTATION_TABLE,4,TRUE))),"",IF($AM36="","",VLOOKUP(AP36,TRANSMUTATION_TABLE,4,TRUE)))
AQ37: =IF(ISERROR(IF($AM37="","",VLOOKUP(AP37,TRANSMUTATION_TABLE,4,TRUE))),"",IF($AM37="","",VLOOKUP(AP37,TRANSMUTATION_TABLE,4,TRUE)))
V38: =IF(COUNT($F38:$U38)=0,"",SUM($F38:$U38)) | W38: =IF(ISERROR(IF($V38="","",ROUND(($V38/$V$13)*$W$13,2))),"",IF($V38="","",ROUND(($V38/$V$13)*$W$13,2))) | X38: =IF($W38="","",ROUND($W38*$X$13,2)) | AJ38: =IF(COUNT($Y38:$AI38)=0,"",SUM($Y38:$AI38)) | AK38: =IF(ISERROR(IF($AJ38="","",ROUND(($AJ38/$AJ$13)*$AK$13,2))),"",IF($AJ38="","",ROUND(($AJ38/$AJ$13)*$AK$13,2))) | AL38: =IF($AK38="","",ROUND($AK38*$AL$13,2)) | AN38: =IF(ISERROR(IF($AM38="","",ROUND(($AM38/$AM$13)*$AN$13,2))),"",IF($AM38="","",ROUND(($AM38/$AM$13)*$AN$13,2))) | AO38: =IF($AN38="","",ROUND($AN38*$AO$13,2)) | AP38: =IF(ISERROR(IF($AM38="","",ROUND(SUM($X38,$AL38,$AO38),2))),"",IF($AM38="","",ROUND(SUM($X38,$AL38,$AO38),2))) | AQ38: =IF(ISERROR(IF($AM38="","",VLOOKUP(AP38,TRANSMUTATION_TABLE,4,TRUE))),"",IF($AM38="","",VLOOKUP(AP38,TRANSMUTATION_TABLE,4,TRUE)))
V39: =IF(COUNT($F39:$U39)=0,"",SUM($F39:$U39)) | W39: =IF(ISERROR(IF($V39="","",ROUND(($V39/$V$13)*$W$13,2))),"",IF($V39="","",ROUND(($V39/$V$13)*$W$13,2))) | X39: =IF($W39="","",ROUND($W39*$X$13,2)) | AJ39: =IF(COUNT($Y39:$AI39)=0,"",SUM($Y39:$AI39)) | AK39: =IF(ISERROR(IF($AJ39="","",ROUND(($AJ39/$AJ$13)*$AK$13,2))),"",IF($AJ39="","",ROUND(($AJ39/$AJ$13)*$AK$13,2))) | AL39: =IF($AK39="","",ROUND($AK39*$AL$13,2)) | AN39: =IF(ISERROR(IF($AM39="","",ROUND(($AM39/$AM$13)*$AN$13,2))),"",IF($AM39="","",ROUND(($AM39/$AM$13)*$AN$13,2))) | AO39: =IF($AN39="","",ROUND($AN39*$AO$13,2)) | AP39: =IF(ISERROR(IF($AM39="","",ROUND(SUM($X39,$AL39,$AO39),2))),"",IF($AM39="","",ROUND(SUM($X39,$AL39,$AO39),2))) | AQ39: =IF(ISERROR(IF($AM39="","",VLOOKUP(AP39,TRANSMUTATION_TABLE,4,TRUE))),"",IF($AM39="","",VLOOKUP(AP39,TRANSMUTATION_TABLE,4,TRUE)))
V40: =IF(COUNT($F40:$U40)=0,"",SUM($F40:$U40)) | W40: =IF(ISERROR(IF($V40="","",ROUND(($V40/$V$13)*$W$13,2))),"",IF($V40="","",ROUND(($V40/$V$13)*$W$13,2))) | X40: =IF($W40="","",ROUND($W40*$X$13,2)) | AJ40: =IF(COUNT($Y40:$AI40)=0,"",SUM($Y40:$AI40)) | AK40: =IF(ISERROR(IF($AJ40="","",ROUND(($AJ40/$AJ$13)*$AK$13,2))),"",IF($AJ40="","",ROUND(($AJ40/$AJ$13)*$AK$13,2))) | AL40: =IF($AK40="","",ROUND($AK40*$AL$13,2)) | AN40: =IF(ISERROR(IF($AM40="","",ROUND(($AM40/$AM$13)*$AN$13,2))),"",IF($AM40="","",ROUND(($AM40/$AM$13)*$AN$13,2))) | AO40: =IF($AN40="","",ROUND($AN40*$AO$13,2)) | AP40: =IF(ISERROR(IF($AM40="","",ROUND(SUM($X40,$AL40,$AO40),2))),"",IF($AM40="","",ROUND(SUM($X40,$AL40,$AO40),2))) | AQ40: =IF(ISERROR(IF($AM40="","",VLOOKUP(AP40,TRANSMUTATION_TABLE,4,TRUE))),"",IF($AM40="","",VLOOKUP(AP40,TRANSMUTATION_TABLE,4,TRUE)))
V41: =IF(COUNT($F41:$U41)=0,"",SUM($F41:$U41)) | W41: =IF(ISERROR(IF($V41="","",ROUND(($V41/$V$13)*$W$13,2))),"",IF($V41="","",ROUND(($V41/$V$13)*$W$13,2))) | X41: =IF($W41="","",ROUND($W41*$X$13,2)) | AJ41: =IF(COUNT($Y41:$AI41)=0,"",SUM($Y41:$AI41)) | AK41: =IF(ISERROR(IF($AJ41="","",ROUND(($AJ41/$AJ$13)*$AK$13,2))),"",IF($AJ41="","",ROUND(($AJ41/$AJ$13)*$AK$13,2))) | AL41: =IF($AK41="","",ROUND($AK41*$AL$13,2)) | AN41: =IF(ISERROR(IF($AM41="","",ROUND(($AM41/$AM$13)*$AN$13,2))),"",IF($AM41="","",ROUND(($AM41/$AM$13)*$AN$13,2))) | AO41: =IF($AN41="","",ROUND($AN41*$AO$13,2)) | AP41: =IF(ISERROR(IF($AM41="","",ROUND(SUM($X41,$AL41,$AO41),2))),"",IF($AM41="","",ROUND(SUM($X41,$AL41,$AO41),2))) | AQ41: =IF(ISERROR(IF($AM41="","",VLOOKUP(AP41,TRANSMUTATION_TABLE,4,TRUE))),"",IF($AM41="","",VLOOKUP(AP41,TRANSMUTATION_TABLE,4,TRUE)))
V42: =IF(COUNT($F42:$U42)=0,"",SUM($F42:$U42)) | W42: =IF(ISERROR(IF($V42="","",ROUND(($V42/$V$13)*$W$13,2))),"",IF($V42="","",ROUND(($V42/$V$13)*$W$13,2))) | X42: =IF($W42="","",ROUND($W42*$X$13,2)) | AJ42: =IF(COUNT($Y42:$AI42)=0,"",SUM($Y42:$AI42)) | AK42: =IF(ISERROR(IF($AJ42="","",ROUND(($AJ42/$AJ$13)*$AK$13,2))),"",IF($AJ42="","",ROUND(($AJ42/$AJ$13)*$AK$13,2))) | AL42: =IF($AK42="","",ROUND($AK42*$AL$13,2)) | AN42: =IF(ISERROR(IF($AM42="","",ROUND(($AM42/$AM$13)*$AN$13,2))),"",IF($AM42="","",ROUND(($AM42/$AM$13)*$AN$13,2))) | AO42: =IF($AN42="","",ROUND($AN42*$AO$13,2)) | AP42: =IF(ISERROR(IF($AM42="","",ROUND(SUM($X42,$AL42,$AO42),2))),"",IF($AM42="","",ROUND(SUM($X42,$AL42,$AO42),2))) | AQ42: =IF(ISERROR(IF($AM42="","",VLOOKUP(AP42,TRANSMUTATION_TABLE,4,TRUE))),"",IF($AM42="","",VLOOKUP(AP42,TRANSMUTATION_TABLE,4,TRUE)))
V43: =IF(COUNT($F43:$U43)=0,"",SUM($F43:$U43)) | W43: =IF(ISERROR(IF($V43="","",ROUND(($V43/$V$13)*$W$13,2))),"",IF($V43="","",ROUND(($V43/$V$13)*$W$13,2))) | X43: =IF($W43="","",ROUND($W43*$X$13,2)) | AJ43: =IF(COUNT($Y43:$AI43)=0,"",SUM($Y43:$AI43)) | AK43: =IF(ISERROR(IF($AJ43="","",ROUND(($AJ43/$AJ$13)*$AK$13,2))),"",IF($AJ43="","",ROUND(($AJ43/$AJ$13)*$AK$13,2))) | AL43: =IF($AK43="","",ROUND($AK43*$AL$13,2)) | AN43: =IF(ISERROR(IF($AM43="","",ROUND(($AM43/$AM$13)*$AN$13,2))),"",IF($AM43="","",ROUND(($AM43/$AM$13)*$AN$13,2))) | AO43: =IF($AN43="","",ROUND($AN43*$AO$13,2)) | AP43: =IF(ISERROR(IF($AM43="","",ROUND(SUM($X43,$AL43,$AO43),2))),"",IF($AM43="","",ROUND(SUM($X43,$AL43,$AO43),2))) | AQ43: =IF(ISERROR(IF($AM43="","",VLOOKUP(AP43,TRANSMUTATION_TABLE,4,TRUE))),"",IF($AM43="","",VLOOKUP(AP43,TRANSMUTATION_TABLE,4,TRUE)))
V44: =IF(COUNT($F44:$U44)=0,"",SUM($F44:$U44)) | W44: =IF(ISERROR(IF($V44="","",ROUND(($V44/$V$13)*$W$13,2))),"",IF($V44="","",ROUND(($V44/$V$13)*$W$13,2))) | X44: =IF($W44="","",ROUND($W44*$X$13,2)) | AJ44: =IF(COUNT($Y44:$AI44)=0,"",SUM($Y44:$AI44)) | AK44: =IF(ISERROR(IF($AJ44="","",ROUND(($AJ44/$AJ$13)*$AK$13,2))),"",IF($AJ44="","",ROUND(($AJ44/$AJ$13)*$AK$13,2))) | AL44: =IF($AK44="","",ROUND($AK44*$AL$13,2)) | AN44: =IF(ISERROR(IF($AM44="","",ROUND(($AM44/$AM$13)*$AN$13,2))),"",IF($AM44="","",ROUND(($AM44/$AM$13)*$AN$13,2))) | AO44: =IF($AN44="","",ROUND($AN44*$AO$13,2)) | AP44: =IF(ISERROR(IF($AM44="","",ROUND(SUM($X44,$AL44,$AO44),2))),"",IF($AM44="","",ROUND(SUM($X44,$AL44,$AO44),2))) | AQ44: =IF(ISERROR(IF($AM44="","",VLOOKUP(AP44,TRANSMUTATION_TABLE,4,TRUE))),"",IF($AM44="","",VLOOKUP(AP44,TRANSMUTATION_TABLE,4,TRUE)))
V45: =IF(COUNT($F45:$U45)=0,"",SUM($F45:$U45)) | W45: =IF(ISERROR(IF($V45="","",ROUND(($V45/$V$13)*$W$13,2))),"",IF($V45="","",ROUND(($V45/$V$13)*$W$13,2))) | X45: =IF($W45="","",ROUND($W45*$X$13,2)) | AJ45: =IF(COUNT($Y45:$AI45)=0,"",SUM($Y45:$AI45)) | AK45: =IF(ISERROR(IF($AJ45="","",ROUND(($AJ45/$AJ$13)*$AK$13,2))),"",IF($AJ45="","",ROUND(($AJ45/$AJ$13)*$AK$13,2))) | AL45: =IF($AK45="","",ROUND($AK45*$AL$13,2)) | AN45: =IF(ISERROR(IF($AM45="","",ROUND(($AM45/$AM$13)*$AN$13,2))),"",IF($AM45="","",ROUND(($AM45/$AM$13)*$AN$13,2))) | AO45: =IF($AN45="","",ROUND($AN45*$AO$13,2)) | AP45: =IF(ISERROR(IF($AM45="","",ROUND(SUM($X45,$AL45,$AO45),2))),"",IF($AM45="","",ROUND(SUM($X45,$AL45,$AO45),2))) | AQ45: =IF(ISERROR(IF($AM45="","",VLOOKUP(AP45,TRANSMUTATION_TABLE,4,TRUE))),"",IF($AM45="","",VLOOKUP(AP45,TRANSMUTATION_TABLE,4,TRUE)))
V49: =IF(COUNT($F49:$U49)=0,"",SUM($F49:$U49)) | W49: =IF(ISERROR(IF($V49="","",ROUND(($V49/$V$13)*$W$13,2))),"",IF($V49="","",ROUND(($V49/$V$13)*$W$13,2))) | X49: =IF($W49="","",ROUND($W49*$X$13,2)) | AJ49: =IF(COUNT($Y49:$AI49)=0,"",SUM($Y49:$AI49)) | AK49: =IF(ISERROR(IF($AJ49="","",ROUND(($AJ49/$AJ$13)*$AK$13,2))),"",IF($AJ49="","",ROUND(($AJ49/$AJ$13)*$AK$13,2))) | AL49: =IF($AK49="","",ROUND($AK49*$AL$13,2)) | AN49: =IF(ISERROR(IF($AM49="","",ROUND(($AM49/$AM$13)*$AN$13,2))),"",IF($AM49="","",ROUND(($AM49/$AM$13)*$AN$13,2))) | AO49: =IF($AN49="","",ROUND($AN49*$AO$13,2)) | AP49: =IF(ISERROR(IF($AM49="","",ROUND(SUM($X49,$AL49,$AO49),2))),"",IF($AM49="","",ROUND(SUM($X49,$AL49,$AO49),2))) | AQ49: =IF(ISERROR(IF($AM49="","",VLOOKUP(AP49,TRANSMUTATION_TABLE,4,TRUE))),"",IF($AM49="","",VLOOKUP(AP49,TRANSMUTATION_TABLE,4,TRUE)))
V50: =IF(COUNT($F50:$U50)=0,"",SUM($F50:$U50)) | W50: =IF(ISERROR(IF($V50="","",ROUND(($V50/$V$13)*$W$13,2))),"",IF($V50="","",ROUND(($V50/$V$13)*$W$13,2))) | X50: =IF($W50="","",ROUND($W50*$X$13,2)) | AJ50: =IF(COUNT($Y50:$AI50)=0,"",SUM($Y50:$AI50)) | AK50: =IF(ISERROR(IF($AJ50="","",ROUND(($AJ50/$AJ$13)*$AK$13,2))),"",IF($AJ50="","",ROUND(($AJ50/$AJ$13)*$AK$13,2))) | AL50: =IF($AK50="","",ROUND($AK50*$AL$13,2)) | AN50: =IF(ISERROR(IF($AM50="","",ROUND(($AM50/$AM$13)*$AN$13,2))),"",IF($AM50="","",ROUND(($AM50/$AM$13)*$AN$13,2))) | AO50: =IF($AN50="","",ROUND($AN50*$AO$13,2)) | AP50: =IF(ISERROR(IF($AM50="","",ROUND(SUM($X50,$AL50,$AO50),2))),"",IF($AM50="","",ROUND(SUM($X50,$AL50,$AO50),2))) | AQ50: =IF(ISERROR(IF($AM50="","",VLOOKUP(AP50,TRANSMUTATION_TABLE,4,TRUE))),"",IF($AM50="","",VLOOKUP(AP50,TRANSMUTATION_TABLE,4,TRUE)))
V51: =IF(COUNT($F51:$U51)=0,"",SUM($F51:$U51)) | W51: =IF(ISERROR(IF($V51="","",ROUND(($V51/$V$13)*$W$13,2))),"",IF($V51="","",ROUND(($V51/$V$13)*$W$13,2))) | X51: =IF($W51="","",ROUND($W51*$X$13,2)) | AJ51: =IF(COUNT($Y51:$AI51)=0,"",SUM($Y51:$AI51)) | AK51: =IF(ISERROR(IF($AJ51="","",ROUND(($AJ51/$AJ$13)*$AK$13,2))),"",IF($AJ51="","",ROUND(($AJ51/$AJ$13)*$AK$13,2))) | AL51: =IF($AK51="","",ROUND($AK51*$AL$13,2)) | AN51: =IF(ISERROR(IF($AM51="","",ROUND(($AM51/$AM$13)*$AN$13,2))),"",IF($AM51="","",ROUND(($AM51/$AM$13)*$AN$13,2))) | AO51: =IF($AN51="","",ROUND($AN51*$AO$13,2)) | AP51: =IF(ISERROR(IF($AM51="","",ROUND(SUM($X51,$AL51,$AO51),2))),"",IF($AM51="","",ROUND(SUM($X51,$AL51,$AO51),2))) | AQ51: =IF(ISERROR(IF($AM51="","",VLOOKUP(AP51,TRANSMUTATION_TABLE,4,TRUE))),"",IF($AM51="","",VLOOKUP(AP51,TRANSMUTATION_TABLE,4,TRUE)))
V52: =IF(COUNT($F52:$U52)=0,"",SUM($F52:$U52)) | W52: =IF(ISERROR(IF($V52="","",ROUND(($V52/$V$13)*$W$13,2))),"",IF($V52="","",ROUND(($V52/$V$13)*$W$13,2))) | X52: =IF($W52="","",ROUND($W52*$X$13,2)) | AJ52: =IF(COUNT($Y52:$AI52)=0,"",SUM($Y52:$AI52)) | AK52: =IF(ISERROR(IF($AJ52="","",ROUND(($AJ52/$AJ$13)*$AK$13,2))),"",IF($AJ52="","",ROUND(($AJ52/$AJ$13)*$AK$13,2))) | AL52: =IF($AK52="","",ROUND($AK52*$AL$13,2)) | AN52: =IF(ISERROR(IF($AM52="","",ROUND(($AM52/$AM$13)*$AN$13,2))),"",IF($AM52="","",ROUND(($AM52/$AM$13)*$AN$13,2))) | AO52: =IF($AN52="","",ROUND($AN52*$AO$13,2)) | AP52: =IF(ISERROR(IF($AM52="","",ROUND(SUM($X52,$AL52,$AO52),2))),"",IF($AM52="","",ROUND(SUM($X52,$AL52,$AO52),2))) | AQ52: =IF(ISERROR(IF($AM52="","",VLOOKUP(AP52,TRANSMUTATION_TABLE,4,TRUE))),"",IF($AM52="","",VLOOKUP(AP52,TRANSMUTATION_TABLE,4,TRUE)))
V53: =IF(COUNT($F53:$U53)=0,"",SUM($F53:$U53)) | W53: =IF(ISERROR(IF($V53="","",ROUND(($V53/$V$13)*$W$13,2))),"",IF($V53="","",ROUND(($V53/$V$13)*$W$13,2))) | X53: =IF($W53="","",ROUND($W53*$X$13,2)) | AJ53: =IF(COUNT($Y53:$AI53)=0,"",SUM($Y53:$AI53)) | AK53: =IF(ISERROR(IF($AJ53="","",ROUND(($AJ53/$AJ$13)*$AK$13,2))),"",IF($AJ53="","",ROUND(($AJ53/$AJ$13)*$AK$13,2))) | AL53: =IF($AK53="","",ROUND($AK53*$AL$13,2)) | AN53: =IF(ISERROR(IF($AM53="","",ROUND(($AM53/$AM$13)*$AN$13,2))),"",IF($AM53="","",ROUND(($AM53/$AM$13)*$AN$13,2))) | AO53: =IF($AN53="","",ROUND($AN53*$AO$13,2)) | AP53: =IF(ISERROR(IF($AM53="","",ROUND(SUM($X53,$AL53,$AO53),2))),"",IF($AM53="","",ROUND(SUM($X53,$AL53,$AO53),2))) | AQ53: =IF(ISERROR(IF($AM53="","",VLOOKUP(AP53,TRANSMUTATION_TABLE,4,TRUE))),"",IF($AM53="","",VLOOKUP(AP53,TRANSMUTATION_TABLE,4,TRUE)))
A55: Class Record
A57: (Pursuant to Deped Order 8 series of 2015)
C58: REGION | G58: NCR | U58: DIVISION | V58: PARAÑAQUE | Z58: DISTRICT | AH58: VII
B60: SCHOOL NAME | G60: PARAÑAQUE NATIONAL HIGH SCHOOL - BACLARAN | Z60: SCHOOL ID | AH60: 305426 | AK60: SCHOOL YEAR | AN60: 2025 - 2026
A62: THIRD QUARTER | F62: GRADE & SECTION: | O62: IX - | W62: TEACHER: | Y62: MRS. VANESSA G. LAS PIÑAS - TALENTO | AJ62: SUBJECT: | AL62: SCIENCE 9
B63: LEARNERS' NAMES | F63: WRITTEN WORKS (40%) | Y63: PERFORMANCE TASKS (40%) | AM63: QUARTERLY ASSESSMENT (20%) | AP63: Initial Grade | AQ63: Quarterly Grade
F64: SEATWORK | U64: Notebook | Y64: GROUP ACTIVITY | AI64: Recitation
F65: (Let's Recall, Let's Apply, Let's Analyze, Let's Try) | Y65: Let's Create | AM65: Periodic Test
F66: 1 | G66: 2 | H66: 3 | I66: 4 | J66: 5 | K66: 6 | L66: 7 | M66: 8 | N66: 9 | O66: 10 | P66: 11 | Q66: 12 | R66: 13 | S66: 14 | T66: 15 | U66: 3 | V66: Total | W66: PS | X66: WS | Y66: 1 | Z66: 2 | AA66: 3 | AB66: 4 | AC66: 5 | AD66: 6 | AE66: 7 | AF66: 8 | AG66: 9 | AH66: 10 | AI66: 3 | AJ66: Total | AK66: PS | AL66: WS | AM66: 3 | AN66: PS | AO66: WS
B67: HIGHEST POSSIBLE SCORE | V67: =IF(COUNT($F67:$U67)=0,"",SUM($F67:$U67)) | W67: 100 | X67: 0.4 | AJ67: =IF(COUNT($Y67:$AI67)=0,"",SUM($Y67:$AI67)) | AK67: 100 | AL67: 0.4 | AM67: 40 | AN67: 100 | AO67: 0.2
B68: FEMALE
A69: 1 | V69: =IF(COUNT($F69:$U69)=0,"",SUM($F69:$U69)) | W69: =IF(ISERROR(IF($V69="","",ROUND(($V69/$V$13)*$W$13,2))),"",IF($V69="","",ROUND(($V69/$V$13)*$W$13,2))) | X69: =IF($W69="","",ROUND($W69*$X$13,2)) | AJ69: =IF(COUNT($Y69:$AI69)=0,"",SUM($Y69:$AI69)) | AK69: =IF(ISERROR(IF($AJ69="","",ROUND(($AJ69/$AJ$13)*$AK$13,2))),"",IF($AJ69="","",ROUND(($AJ69/$AJ$13)*$AK$13,2))) | AL69: =IF($AK69="","",ROUND($AK69*$AL$13,2)) | AN69: =IF(ISERROR(IF($AM69="","",ROUND(($AM69/$AM$13)*$AN$13,2))),"",IF($AM69="","",ROUND(($AM69/$AM$13)*$AN$13,2))) | AO69: =IF($AN69="","",ROUND($AN69*$AO$13,2)) | AP69: =IF(ISERROR(IF($AM69="","",ROUND(SUM($X69,$AL69,$AO69),2))),"",IF($AM69="","",ROUND(SUM($X69,$AL69,$AO69),2))) | AQ69: =IF(ISERROR(IF($AM69="","",VLOOKUP(AP69,TRANSMUTATION_TABLE,4,TRUE))),"",IF($AM69="","",VLOOKUP(AP69,TRANSMUTATION_TABLE,4,TRUE))) | AT69: 60-69 | AU69: 78
A70: 2 | V70: =IF(COUNT($F70:$U70)=0,"",SUM($F70:$U70)) | W70: =IF(ISERROR(IF($V70="","",ROUND(($V70/$V$13)*$W$13,2))),"",IF($V70="","",ROUND(($V70/$V$13)*$W$13,2))) | X70: =IF($W70="","",ROUND($W70*$X$13,2)) | AJ70: =IF(COUNT($Y70:$AI70)=0,"",SUM($Y70:$AI70)) | AK70: =IF(ISERROR(IF($AJ70="","",ROUND(($AJ70/$AJ$13)*$AK$13,2))),"",IF($AJ70="","",ROUND(($AJ70/$AJ$13)*$AK$13,2))) | AL70: =IF($AK70="","",ROUND($AK70*$AL$13,2)) | AN70: =IF(ISERROR(IF($AM70="","",ROUND(($AM70/$AM$13)*$AN$13,2))),"",IF($AM70="","",ROUND(($AM70/$AM$13)*$AN$13,2))) | AO70: =IF($AN70="","",ROUND($AN70*$AO$13,2)) | AP70: =IF(ISERROR(IF($AM70="","",ROUND(SUM($X70,$AL70,$AO70),2))),"",IF($AM70="","",ROUND(SUM($X70,$AL70,$AO70),2))) | AQ70: =IF(ISERROR(IF($AM70="","",VLOOKUP(AP70,TRANSMUTATION_TABLE,4,TRUE))),"",IF($AM70="","",VLOOKUP(AP70,TRANSMUTATION_TABLE,4,TRUE))) | AT70: 70-74 | AU70: 79
A71: 3 | V71: =IF(COUNT($F71:$U71)=0,"",SUM($F71:$U71)) | W71: =IF(ISERROR(IF($V71="","",ROUND(($V71/$V$13)*$W$13,2))),"",IF($V71="","",ROUND(($V71/$V$13)*$W$13,2))) | X71: =IF($W71="","",ROUND($W71*$X$13,2)) | AJ71: =IF(COUNT($Y71:$AI71)=0,"",SUM($Y71:$AI71)) | AK71: =IF(ISERROR(IF($AJ71="","",ROUND(($AJ71/$AJ$13)*$AK$13,2))),"",IF($AJ71="","",ROUND(($AJ71/$AJ$13)*$AK$13,2))) | AL71: =IF($AK71="","",ROUND($AK71*$AL$13,2)) | AN71: =IF(ISERROR(IF($AM71="","",ROUND(($AM71/$AM$13)*$AN$13,2))),"",IF($AM71="","",ROUND(($AM71/$AM$13)*$AN$13,2))) | AO71: =IF($AN71="","",ROUND($AN71*$AO$13,2)) | AP71: =IF(ISERROR(IF($AM71="","",ROUND(SUM($X71,$AL71,$AO71),2))),"",IF($AM71="","",ROUND(SUM($X71,$AL71,$AO71),2))) | AQ71: =IF(ISERROR(IF($AM71="","",VLOOKUP(AP71,TRANSMUTATION_TABLE,4,TRUE))),"",IF($AM71="","",VLOOKUP(AP71,TRANSMUTATION_TABLE,4,TRUE))) | AT71: 75-79 | AU71: 80
A72: 4 | V72: =IF(COUNT($F72:$U72)=0,"",SUM($F72:$U72)) | W72: =IF(ISERROR(IF($V72="","",ROUND(($V72/$V$13)*$W$13,2))),"",IF($V72="","",ROUND(($V72/$V$13)*$W$13,2))) | X72: =IF($W72="","",ROUND($W72*$X$13,2)) | AJ72: =IF(COUNT($Y72:$AI72)=0,"",SUM($Y72:$AI72)) | AK72: =IF(ISERROR(IF($AJ72="","",ROUND(($AJ72/$AJ$13)*$AK$13,2))),"",IF($AJ72="","",ROUND(($AJ72/$AJ$13)*$AK$13,2))) | AL72: =IF($AK72="","",ROUND($AK72*$AL$13,2)) | AN72: =IF(ISERROR(IF($AM72="","",ROUND(($AM72/$AM$13)*$AN$13,2))),"",IF($AM72="","",ROUND(($AM72/$AM$13)*$AN$13,2))) | AO72: =IF($AN72="","",ROUND($AN72*$AO$13,2)) | AP72: =IF(ISERROR(IF($AM72="","",ROUND(SUM($X72,$AL72,$AO72),2))),"",IF($AM72="","",ROUND(SUM($X72,$AL72,$AO72),2))) | AQ72: =IF(ISERROR(IF($AM72="","",VLOOKUP(AP72,TRANSMUTATION_TABLE,4,TRUE))),"",IF($AM72="","",VLOOKUP(AP72,TRANSMUTATION_TABLE,4,TRUE))) | AT72: 80-84 | AU72: 85
A73: 5 | V73: =IF(COUNT($F73:$U73)=0,"",SUM($F73:$U73)) | W73: =IF(ISERROR(IF($V73="","",ROUND(($V73/$V$13)*$W$13,2))),"",IF($V73="","",ROUND(($V73/$V$13)*$W$13,2))) | X73: =IF($W73="","",ROUND($W73*$X$13,2)) | AJ73: =IF(COUNT($Y73:$AI73)=0,"",SUM($Y73:$AI73)) | AK73: =IF(ISERROR(IF($AJ73="","",ROUND(($AJ73/$AJ$13)*$AK$13,2))),"",IF($AJ73="","",ROUND(($AJ73/$AJ$13)*$AK$13,2))) | AL73: =IF($AK73="","",ROUND($AK73*$AL$13,2)) | AN73: =IF(ISERROR(IF($AM73="","",ROUND(($AM73/$AM$13)*$AN$13,2))),"",IF($AM73="","",ROUND(($AM73/$AM$13)*$AN$13,2))) | AO73: =IF($AN73="","",ROUND($AN73*$AO$13,2)) | AP73: =IF(ISERROR(IF($AM73="","",ROUND(SUM($X73,$AL73,$AO73),2))),"",IF($AM73="","",ROUND(SUM($X73,$AL73,$AO73),2))) | AQ73: =IF(ISERROR(IF($AM73="","",VLOOKUP(AP73,TRANSMUTATION_TABLE,4,TRUE))),"",IF($AM73="","",VLOOKUP(AP73,TRANSMUTATION_TABLE,4,TRUE))) | AT73: 85-88 | AU73: 89
A74: 6 | V74: =IF(COUNT($F74:$U74)=0,"",SUM($F74:$U74)) | W74: =IF(ISERROR(IF($V74="","",ROUND(($V74/$V$13)*$W$13,2))),"",IF($V74="","",ROUND(($V74/$V$13)*$W$13,2))) | X74: =IF($W74="","",ROUND($W74*$X$13,2)) | AJ74: =IF(COUNT($Y74:$AI74)=0,"",SUM($Y74:$AI74)) | AK74: =IF(ISERROR(IF($AJ74="","",ROUND(($AJ74/$AJ$13)*$AK$13,2))),"",IF($AJ74="","",ROUND(($AJ74/$AJ$13)*$AK$13,2))) | AL74: =IF($AK74="","",ROUND($AK74*$AL$13,2)) | AN74: =IF(ISERROR(IF($AM74="","",ROUND(($AM74/$AM$13)*$AN$13,2))),"",IF($AM74="","",ROUND(($AM74/$AM$13)*$AN$13,2))) | AO74: =IF($AN74="","",ROUND($AN74*$AO$13,2)) | AP74: =IF(ISERROR(IF($AM74="","",ROUND(SUM($X74,$AL74,$AO74),2))),"",IF($AM74="","",ROUND(SUM($X74,$AL74,$AO74),2))) | AQ74: =IF(ISERROR(IF($AM74="","",VLOOKUP(AP74,TRANSMUTATION_TABLE,4,TRUE))),"",IF($AM74="","",VLOOKUP(AP74,TRANSMUTATION_TABLE,4,TRUE))) | AT74: 89-91 | AU74: 92
A75: 7 | V75: =IF(COUNT($F75:$U75)=0,"",SUM($F75:$U75)) | W75: =IF(ISERROR(IF($V75="","",ROUND(($V75/$V$13)*$W$13,2))),"",IF($V75="","",ROUND(($V75/$V$13)*$W$13,2))) | X75: =IF($W75="","",ROUND($W75*$X$13,2)) | AJ75: =IF(COUNT($Y75:$AI75)=0,"",SUM($Y75:$AI75)) | AK75: =IF(ISERROR(IF($AJ75="","",ROUND(($AJ75/$AJ$13)*$AK$13,2))),"",IF($AJ75="","",ROUND(($AJ75/$AJ$13)*$AK$13,2))) | AL75: =IF($AK75="","",ROUND($AK75*$AL$13,2)) | AN75: =IF(ISERROR(IF($AM75="","",ROUND(($AM75/$AM$13)*$AN$13,2))),"",IF($AM75="","",ROUND(($AM75/$AM$13)*$AN$13,2))) | AO75: =IF($AN75="","",ROUND($AN75*$AO$13,2)) | AP75: =IF(ISERROR(IF($AM75="","",ROUND(SUM($X75,$AL75,$AO75),2))),"",IF($AM75="","",ROUND(SUM($X75,$AL75,$AO75),2))) | AQ75: =IF(ISERROR(IF($AM75="","",VLOOKUP(AP75,TRANSMUTATION_TABLE,4,TRUE))),"",IF($AM75="","",VLOOKUP(AP75,TRANSMUTATION_TABLE,4,TRUE)))
A76: 8 | V76: =IF(COUNT($F76:$U76)=0,"",SUM($F76:$U76)) | W76: =IF(ISERROR(IF($V76="","",ROUND(($V76/$V$13)*$W$13,2))),"",IF($V76="","",ROUND(($V76/$V$13)*$W$13,2))) | X76: =IF($W76="","",ROUND($W76*$X$13,2)) | AJ76: =IF(COUNT($Y76:$AI76)=0,"",SUM($Y76:$AI76)) | AK76: =IF(ISERROR(IF($AJ76="","",ROUND(($AJ76/$AJ$13)*$AK$13,2))),"",IF($AJ76="","",ROUND(($AJ76/$AJ$13)*$AK$13,2))) | AL76: =IF($AK76="","",ROUND($AK76*$AL$13,2)) | AN76: =IF(ISERROR(IF($AM76="","",ROUND(($AM76/$AM$13)*$AN$13,2))),"",IF($AM76="","",ROUND(($AM76/$AM$13)*$AN$13,2))) | AO76: =IF($AN76="","",ROUND($AN76*$AO$13,2)) | AP76: =IF(ISERROR(IF($AM76="","",ROUND(SUM($X76,$AL76,$AO76),2))),"",IF($AM76="","",ROUND(SUM($X76,$AL76,$AO76),2))) | AQ76: =IF(ISERROR(IF($AM76="","",VLOOKUP(AP76,TRANSMUTATION_TABLE,4,TRUE))),"",IF($AM76="","",VLOOKUP(AP76,TRANSMUTATION_TABLE,4,TRUE)))
A77: 9 | V77: =IF(COUNT($F77:$U77)=0,"",SUM($F77:$U77)) | W77: =IF(ISERROR(IF($V77="","",ROUND(($V77/$V$13)*$W$13,2))),"",IF($V77="","",ROUND(($V77/$V$13)*$W$13,2))) | X77: =IF($W77="","",ROUND($W77*$X$13,2)) | AJ77: =IF(COUNT($Y77:$AI77)=0,"",SUM($Y77:$AI77)) | AK77: =IF(ISERROR(IF($AJ77="","",ROUND(($AJ77/$AJ$13)*$AK$13,2))),"",IF($AJ77="","",ROUND(($AJ77/$AJ$13)*$AK$13,2))) | AL77: =IF($AK77="","",ROUND($AK77*$AL$13,2)) | AN77: =IF(ISERROR(IF($AM77="","",ROUND(($AM77/$AM$13)*$AN$13,2))),"",IF($AM77="","",ROUND(($AM77/$AM$13)*$AN$13,2))) | AO77: =IF($AN77="","",ROUND($AN77*$AO$13,2)) | AP77: =IF(ISERROR(IF($AM77="","",ROUND(SUM($X77,$AL77,$AO77),2))),"",IF($AM77="","",ROUND(SUM($X77,$AL77,$AO77),2))) | AQ77: =IF(ISERROR(IF($AM77="","",VLOOKUP(AP77,TRANSMUTATION_TABLE,4,TRUE))),"",IF($AM77="","",VLOOKUP(AP77,TRANSMUTATION_TABLE,4,TRUE)))
A78: 10 | V78: =IF(COUNT($F78:$U78)=0,"",SUM($F78:$U78)) | W78: =IF(ISERROR(IF($V78="","",ROUND(($V78/$V$13)*$W$13,2))),"",IF($V78="","",ROUND(($V78/$V$13)*$W$13,2))) | X78: =IF($W78="","",ROUND($W78*$X$13,2)) | AJ78: =IF(COUNT($Y78:$AI78)=0,"",SUM($Y78:$AI78)) | AK78: =IF(ISERROR(IF($AJ78="","",ROUND(($AJ78/$AJ$13)*$AK$13,2))),"",IF($AJ78="","",ROUND(($AJ78/$AJ$13)*$AK$13,2))) | AL78: =IF($AK78="","",ROUND($AK78*$AL$13,2)) | AN78: =IF(ISERROR(IF($AM78="","",ROUND(($AM78/$AM$13)*$AN$13,2))),"",IF($AM78="","",ROUND(($AM78/$AM$13)*$AN$13,2))) | AO78: =IF($AN78="","",ROUND($AN78*$AO$13,2)) | AP78: =IF(ISERROR(IF($AM78="","",ROUND(SUM($X78,$AL78,$AO78),2))),"",IF($AM78="","",ROUND(SUM($X78,$AL78,$AO78),2))) | AQ78: =IF(ISERROR(IF($AM78="","",VLOOKUP(AP78,TRANSMUTATION_TABLE,4,TRUE))),"",IF($AM78="","",VLOOKUP(AP78,TRANSMUTATION_TABLE,4,TRUE)))
A79: 11 | V79: =IF(COUNT($F79:$U79)=0,"",SUM($F79:$U79)) | W79: =IF(ISERROR(IF($V79="","",ROUND(($V79/$V$13)*$W$13,2))),"",IF($V79="","",ROUND(($V79/$V$13)*$W$13,2))) | X79: =IF($W79="","",ROUND($W79*$X$13,2)) | AJ79: =IF(COUNT($Y79:$AI79)=0,"",SUM($Y79:$AI79)) | AK79: =IF(ISERROR(IF($AJ79="","",ROUND(($AJ79/$AJ$13)*$AK$13,2))),"",IF($AJ79="","",ROUND(($AJ79/$AJ$13)*$AK$13,2))) | AL79: =IF($AK79="","",ROUND($AK79*$AL$13,2)) | AN79: =IF(ISERROR(IF($AM79="","",ROUND(($AM79/$AM$13)*$AN$13,2))),"",IF($AM79="","",ROUND(($AM79/$AM$13)*$AN$13,2))) | AO79: =IF($AN79="","",ROUND($AN79*$AO$13,2)) | AP79: =IF(ISERROR(IF($AM79="","",ROUND(SUM($X79,$AL79,$AO79),2))),"",IF($AM79="","",ROUND(SUM($X79,$AL79,$AO79),2))) | AQ79: =IF(ISERROR(IF($AM79="","",VLOOKUP(AP79,TRANSMUTATION_TABLE,4,TRUE))),"",IF($AM79="","",VLOOKUP(AP79,TRANSMUTATION_TABLE,4,TRUE)))
A80: 12 | V80: =IF(COUNT($F80:$U80)=0,"",SUM($F80:$U80)) | W80: =IF(ISERROR(IF($V80="","",ROUND(($V80/$V$13)*$W$13,2))),"",IF($V80="","",ROUND(($V80/$V$13)*$W$13,2))) | X80: =IF($W80="","",ROUND($W80*$X$13,2)) | AJ80: =IF(COUNT($Y80:$AI80)=0,"",SUM($Y80:$AI80)) | AK80: =IF(ISERROR(IF($AJ80="","",ROUND(($AJ80/$AJ$13)*$AK$13,2))),"",IF($AJ80="","",ROUND(($AJ80/$AJ$13)*$AK$13,2))) | AL80: =IF($AK80="","",ROUND($AK80*$AL$13,2)) | AN80: =IF(ISERROR(IF($AM80="","",ROUND(($AM80/$AM$13)*$AN$13,2))),"",IF($AM80="","",ROUND(($AM80/$AM$13)*$AN$13,2))) | AO80: =IF($AN80="","",ROUND($AN80*$AO$13,2)) | AP80: =IF(ISERROR(IF($AM80="","",ROUND(SUM($X80,$AL80,$AO80),2))),"",IF($AM80="","",ROUND(SUM($X80,$AL80,$AO80),2))) | AQ80: =IF(ISERROR(IF($AM80="","",VLOOKUP(AP80,TRANSMUTATION_TABLE,4,TRUE))),"",IF($AM80="","",VLOOKUP(AP80,TRANSMUTATION_TABLE,4,TRUE)))
A81: 13 | V81: =IF(COUNT($F81:$U81)=0,"",SUM($F81:$U81)) | W81: =IF(ISERROR(IF($V81="","",ROUND(($V81/$V$13)*$W$13,2))),"",IF($V81="","",ROUND(($V81/$V$13)*$W$13,2))) | X81: =IF($W81="","",ROUND($W81*$X$13,2)) | AJ81: =IF(COUNT($Y81:$AI81)=0,"",SUM($Y81:$AI81)) | AK81: =IF(ISERROR(IF($AJ81="","",ROUND(($AJ81/$AJ$13)*$AK$13,2))),"",IF($AJ81="","",ROUND(($AJ81/$AJ$13)*$AK$13,2))) | AL81: =IF($AK81="","",ROUND($AK81*$AL$13,2)) | AN81: =IF(ISERROR(IF($AM81="","",ROUND(($AM81/$AM$13)*$AN$13,2))),"",IF($AM81="","",ROUND(($AM81/$AM$13)*$AN$13,2))) | AO81: =IF($AN81="","",ROUND($AN81*$AO$13,2)) | AP81: =IF(ISERROR(IF($AM81="","",ROUND(SUM($X81,$AL81,$AO81),2))),"",IF($AM81="","",ROUND(SUM($X81,$AL81,$AO81),2))) | AQ81: =IF(ISERROR(IF($AM81="","",VLOOKUP(AP81,TRANSMUTATION_TABLE,4,TRUE))),"",IF($AM81="","",VLOOKUP(AP81,TRANSMUTATION_TABLE,4,TRUE)))
A82: 14 | V82: =IF(COUNT($F82:$U82)=0,"",SUM($F82:$U82)) | W82: =IF(ISERROR(IF($V82="","",ROUND(($V82/$V$13)*$W$13,2))),"",IF($V82="","",ROUND(($V82/$V$13)*$W$13,2))) | X82: =IF($W82="","",ROUND($W82*$X$13,2)) | AJ82: =IF(COUNT($Y82:$AI82)=0,"",SUM($Y82:$AI82)) | AK82: =IF(ISERROR(IF($AJ82="","",ROUND(($AJ82/$AJ$13)*$AK$13,2))),"",IF($AJ82="","",ROUND(($AJ82/$AJ$13)*$AK$13,2))) | AL82: =IF($AK82="","",ROUND($AK82*$AL$13,2)) | AN82: =IF(ISERROR(IF($AM82="","",ROUND(($AM82/$AM$13)*$AN$13,2))),"",IF($AM82="","",ROUND(($AM82/$AM$13)*$AN$13,2))) | AO82: =IF($AN82="","",ROUND($AN82*$AO$13,2)) | AP82: =IF(ISERROR(IF($AM82="","",ROUND(SUM($X82,$AL82,$AO82),2))),"",IF($AM82="","",ROUND(SUM($X82,$AL82,$AO82),2))) | AQ82: =IF(ISERROR(IF($AM82="","",VLOOKUP(AP82,TRANSMUTATION_TABLE,4,TRUE))),"",IF($AM82="","",VLOOKUP(AP82,TRANSMUTATION_TABLE,4,TRUE)))
A83: 15 | V83: =IF(COUNT($F83:$U83)=0,"",SUM($F83:$U83)) | W83: =IF(ISERROR(IF($V83="","",ROUND(($V83/$V$13)*$W$13,2))),"",IF($V83="","",ROUND(($V83/$V$13)*$W$13,2))) | X83: =IF($W83="","",ROUND($W83*$X$13,2)) | AJ83: =IF(COUNT($Y83:$AI83)=0,"",SUM($Y83:$AI83)) | AK83: =IF(ISERROR(IF($AJ83="","",ROUND(($AJ83/$AJ$13)*$AK$13,2))),"",IF($AJ83="","",ROUND(($AJ83/$AJ$13)*$AK$13,2))) | AL83: =IF($AK83="","",ROUND($AK83*$AL$13,2)) | AN83: =IF(ISERROR(IF($AM83="","",ROUND(($AM83/$AM$13)*$AN$13,2))),"",IF($AM83="","",ROUND(($AM83/$AM$13)*$AN$13,2))) | AO83: =IF($AN83="","",ROUND($AN83*$AO$13,2)) | AP83: =IF(ISERROR(IF($AM83="","",ROUND(SUM($X83,$AL83,$AO83),2))),"",IF($AM83="","",ROUND(SUM($X83,$AL83,$AO83),2))) | AQ83: =IF(ISERROR(IF($AM83="","",VLOOKUP(AP83,TRANSMUTATION_TABLE,4,TRUE))),"",IF($AM83="","",VLOOKUP(AP83,TRANSMUTATION_TABLE,4,TRUE)))
A84: 16 | V84: =IF(COUNT($F84:$U84)=0,"",SUM($F84:$U84)) | W84: =IF(ISERROR(IF($V84="","",ROUND(($V84/$V$13)*$W$13,2))),"",IF($V84="","",ROUND(($V84/$V$13)*$W$13,2))) | X84: =IF($W84="","",ROUND($W84*$X$13,2)) | AJ84: =IF(COUNT($Y84:$AI84)=0,"",SUM($Y84:$AI84)) | AK84: =IF(ISERROR(IF($AJ84="","",ROUND(($AJ84/$AJ$13)*$AK$13,2))),"",IF($AJ84="","",ROUND(($AJ84/$AJ$13)*$AK$13,2))) | AL84: =IF($AK84="","",ROUND($AK84*$AL$13,2)) | AN84: =IF(ISERROR(IF($AM84="","",ROUND(($AM84/$AM$13)*$AN$13,2))),"",IF($AM84="","",ROUND(($AM84/$AM$13)*$AN$13,2))) | AO84: =IF($AN84="","",ROUND($AN84*$AO$13,2)) | AP84: =IF(ISERROR(IF($AM84="","",ROUND(SUM($X84,$AL84,$AO84),2))),"",IF($AM84="","",ROUND(SUM($X84,$AL84,$AO84),2))) | AQ84: =IF(ISERROR(IF($AM84="","",VLOOKUP(AP84,TRANSMUTATION_TABLE,4,TRUE))),"",IF($AM84="","",VLOOKUP(AP84,TRANSMUTATION_TABLE,4,TRUE)))
A85: 17 | V85: =IF(COUNT($F85:$U85)=0,"",SUM($F85:$U85)) | W85: =IF(ISERROR(IF($V85="","",ROUND(($V85/$V$13)*$W$13,2))),"",IF($V85="","",ROUND(($V85/$V$13)*$W$13,2))) | X85: =IF($W85="","",ROUND($W85*$X$13,2)) | AJ85: =IF(COUNT($Y85:$AI85)=0,"",SUM($Y85:$AI85)) | AK85: =IF(ISERROR(IF($AJ85="","",ROUND(($AJ85/$AJ$13)*$AK$13,2))),"",IF($AJ85="","",ROUND(($AJ85/$AJ$13)*$AK$13,2))) | AL85: =IF($AK85="","",ROUND($AK85*$AL$13,2)) | AN85: =IF(ISERROR(IF($AM85="","",ROUND(($AM85/$AM$13)*$AN$13,2))),"",IF($AM85="","",ROUND(($AM85/$AM$13)*$AN$13,2))) | AO85: =IF($AN85="","",ROUND($AN85*$AO$13,2)) | AP85: =IF(ISERROR(IF($AM85="","",ROUND(SUM($X85,$AL85,$AO85),2))),"",IF($AM85="","",ROUND(SUM($X85,$AL85,$AO85),2))) | AQ85: =IF(ISERROR(IF($AM85="","",VLOOKUP(AP85,TRANSMUTATION_TABLE,4,TRUE))),"",IF($AM85="","",VLOOKUP(AP85,TRANSMUTATION_TABLE,4,TRUE)))
A86: 18 | V86: =IF(COUNT($F86:$U86)=0,"",SUM($F86:$U86)) | W86: =IF(ISERROR(IF($V86="","",ROUND(($V86/$V$13)*$W$13,2))),"",IF($V86="","",ROUND(($V86/$V$13)*$W$13,2))) | X86: =IF($W86="","",ROUND($W86*$X$13,2)) | AJ86: =IF(COUNT($Y86:$AI86)=0,"",SUM($Y86:$AI86)) | AK86: =IF(ISERROR(IF($AJ86="","",ROUND(($AJ86/$AJ$13)*$AK$13,2))),"",IF($AJ86="","",ROUND(($AJ86/$AJ$13)*$AK$13,2))) | AL86: =IF($AK86="","",ROUND($AK86*$AL$13,2)) | AN86: =IF(ISERROR(IF($AM86="","",ROUND(($AM86/$AM$13)*$AN$13,2))),"",IF($AM86="","",ROUND(($AM86/$AM$13)*$AN$13,2))) | AO86: =IF($AN86="","",ROUND($AN86*$AO$13,2)) | AP86: =IF(ISERROR(IF($AM86="","",ROUND(SUM($X86,$AL86,$AO86),2))),"",IF($AM86="","",ROUND(SUM($X86,$AL86,$AO86),2))) | AQ86: =IF(ISERROR(IF($AM86="","",VLOOKUP(AP86,TRANSMUTATION_TABLE,4,TRUE))),"",IF($AM86="","",VLOOKUP(AP86,TRANSMUTATION_TABLE,4,TRUE)))
... A90: 22 | V90: =IF(COUNT($F90:$U90)=0,"",SUM($F90:$U90)) | W90: =IF(ISERROR(IF($V90="","",ROUND(($V90/$V$13)*$W$13,2))),"",IF($V90="","",ROUND(($V90/$V$13)*$W$13,2))) | X90: =IF($W90="","",ROUND($W90*$X$13,2)) | AJ90: =IF(COUNT($Y90:$AI90)=0,"",SUM($Y90:$AI90)) | AK90: =IF(ISERROR(IF($AJ90="","",ROUND(($AJ90/$AJ$13)*$AK$13,2))),"",IF($AJ90="","",ROUND(($AJ90/$AJ$13)*$AK$13,2))) | AL90: =IF($AK90="","",ROUND($AK90*$AL$13,2)) | AN90: =IF(ISERROR(IF($AM90="","",ROUND(($AM90/$AM$13)*$AN$13,2))),"",IF($AM90="","",ROUND(($AM90/$AM$13)*$AN$13,2))) | AO90: =IF($AN90="","",ROUND($AN90*$AO$13,2)) | AP90: =IF(ISERROR(IF($AM90="","",ROUND(SUM($X90,$AL90,$AO90),2))),"",IF($AM90="","",ROUND(SUM($X90,$AL90,$AO90),2))) | AQ90: =IF(ISERROR(IF($AM90="","",VLOOKUP(AP90,TRANSMUTATION_TABLE,4,TRUE))),"",IF($AM90="","",VLOOKUP(AP90,TRANSMUTATION_TABLE,4,TRUE)))
A91: 23 | B91: SULIT, CHLOE JOY S. | V91: =IF(COUNT($F91:$U91)=0,"",SUM($F91:$U91)) | W91: =IF(ISERROR(IF($V91="","",ROUND(($V91/$V$13)*$W$13,2))),"",IF($V91="","",ROUND(($V91/$V$13)*$W$13,2))) | X91: =IF($W91="","",ROUND($W91*$X$13,2)) | AJ91: =IF(COUNT($Y91:$AI91)=0,"",SUM($Y91:$AI91)) | AK91: =IF(ISERROR(IF($AJ91="","",ROUND(($AJ91/$AJ$13)*$AK$13,2))),"",IF($AJ91="","",ROUND(($AJ91/$AJ$13)*$AK$13,2))) | AL91: =IF($AK91="","",ROUND($AK91*$AL$13,2)) | AN91: =IF(ISERROR(IF($AM91="","",ROUND(($AM91/$AM$13)*$AN$13,2))),"",IF($AM91="","",ROUND(($AM91/$AM$13)*$AN$13,2))) | AO91: =IF($AN91="","",ROUND($AN91*$AO$13,2)) | AP91: =IF(ISERROR(IF($AM91="","",ROUND(SUM($X91,$AL91,$AO91),2))),"",IF($AM91="","",ROUND(SUM($X91,$AL91,$AO91),2))) | AQ91: =IF(ISERROR(IF($AM91="","",VLOOKUP(AP91,TRANSMUTATION_TABLE,4,TRUE))),"",IF($AM91="","",VLOOKUP(AP91,TRANSMUTATION_TABLE,4,TRUE)))
A92: 24 | V92: =IF(COUNT($F92:$U92)=0,"",SUM($F92:$U92)) | W92: =IF(ISERROR(IF($V92="","",ROUND(($V92/$V$13)*$W$13,2))),"",IF($V92="","",ROUND(($V92/$V$13)*$W$13,2))) | X92: =IF($W92="","",ROUND($W92*$X$13,2)) | AJ92: =IF(COUNT($Y92:$AI92)=0,"",SUM($Y92:$AI92)) | AK92: =IF(ISERROR(IF($AJ92="","",ROUND(($AJ92/$AJ$13)*$AK$13,2))),"",IF($AJ92="","",ROUND(($AJ92/$AJ$13)*$AK$13,2))) | AL92: =IF($AK92="","",ROUND($AK92*$AL$13,2)) | AN92: =IF(ISERROR(IF($AM92="","",ROUND(($AM92/$AM$13)*$AN$13,2))),"",IF($AM92="","",ROUND(($AM92/$AM$13)*$AN$13,2))) | AO92: =IF($AN92="","",ROUND($AN92*$AO$13,2)) | AP92: =IF(ISERROR(IF($AM92="","",ROUND(SUM($X92,$AL92,$AO92),2))),"",IF($AM92="","",ROUND(SUM($X92,$AL92,$AO92),2))) | AQ92: =IF(ISERROR(IF($AM92="","",VLOOKUP(AP92,TRANSMUTATION_TABLE,4,TRUE))),"",IF($AM92="","",VLOOKUP(AP92,TRANSMUTATION_TABLE,4,TRUE)))
A93: 25 | V93: =IF(COUNT($F93:$U93)=0,"",SUM($F93:$U93)) | W93: =IF(ISERROR(IF($V93="","",ROUND(($V93/$V$13)*$W$13,2))),"",IF($V93="","",ROUND(($V93/$V$13)*$W$13,2))) | X93: =IF($W93="","",ROUND($W93*$X$13,2)) | AJ93: =IF(COUNT($Y93:$AI93)=0,"",SUM($Y93:$AI93)) | AK93: =IF(ISERROR(IF($AJ93="","",ROUND(($AJ93/$AJ$13)*$AK$13,2))),"",IF($AJ93="","",ROUND(($AJ93/$AJ$13)*$AK$13,2))) | AL93: =IF($AK93="","",ROUND($AK93*$AL$13,2)) | AN93: =IF(ISERROR(IF($AM93="","",ROUND(($AM93/$AM$13)*$AN$13,2))),"",IF($AM93="","",ROUND(($AM93/$AM$13)*$AN$13,2))) | AO93: =IF($AN93="","",ROUND($AN93*$AO$13,2)) | AP93: =IF(ISERROR(IF($AM93="","",ROUND(SUM($X93,$AL93,$AO93),2))),"",IF($AM93="","",ROUND(SUM($X93,$AL93,$AO93),2))) | AQ93: =IF(ISERROR(IF($AM93="","",VLOOKUP(AP93,TRANSMUTATION_TABLE,4,TRUE))),"",IF($AM93="","",VLOOKUP(AP93,TRANSMUTATION_TABLE,4,TRUE)))
A94: 26 | V94: =IF(COUNT($F94:$U94)=0,"",SUM($F94:$U94)) | W94: =IF(ISERROR(IF($V94="","",ROUND(($V94/$V$13)*$W$13,2))),"",IF($V94="","",ROUND(($V94/$V$13)*$W$13,2))) | X94: =IF($W94="","",ROUND($W94*$X$13,2)) | AJ94: =IF(COUNT($Y94:$AI94)=0,"",SUM($Y94:$AI94)) | AK94: =IF(ISERROR(IF($AJ94="","",ROUND(($AJ94/$AJ$13)*$AK$13,2))),"",IF($AJ94="","",ROUND(($AJ94/$AJ$13)*$AK$13,2))) | AL94: =IF($AK94="","",ROUND($AK94*$AL$13,2)) | AN94: =IF(ISERROR(IF($AM94="","",ROUND(($AM94/$AM$13)*$AN$13,2))),"",IF($AM94="","",ROUND(($AM94/$AM$13)*$AN$13,2))) | AO94: =IF($AN94="","",ROUND($AN94*$AO$13,2)) | AP94: =IF(ISERROR(IF($AM94="","",ROUND(SUM($X94,$AL94,$AO94),2))),"",IF($AM94="","",ROUND(SUM($X94,$AL94,$AO94),2))) | AQ94: =IF(ISERROR(IF($AM94="","",VLOOKUP(AP94,TRANSMUTATION_TABLE,4,TRUE))),"",IF($AM94="","",VLOOKUP(AP94,TRANSMUTATION_TABLE,4,TRUE)))
V95: =IF(COUNT($F95:$U95)=0,"",SUM($F95:$U95)) | W95: =IF(ISERROR(IF($V95="","",ROUND(($V95/$V$13)*$W$13,2))),"",IF($V95="","",ROUND(($V95/$V$13)*$W$13,2))) | X95: =IF($W95="","",ROUND($W95*$X$13,2)) | AJ95: =IF(COUNT($Y95:$AI95)=0,"",SUM($Y95:$AI95)) | AK95: =IF(ISERROR(IF($AJ95="","",ROUND(($AJ95/$AJ$13)*$AK$13,2))),"",IF($AJ95="","",ROUND(($AJ95/$AJ$13)*$AK$13,2))) | AL95: =IF($AK95="","",ROUND($AK95*$AL$13,2)) | AN95: =IF(ISERROR(IF($AM95="","",ROUND(($AM95/$AM$13)*$AN$13,2))),"",IF($AM95="","",ROUND(($AM95/$AM$13)*$AN$13,2))) | AO95: =IF($AN95="","",ROUND($AN95*$AO$13,2)) | AP95: =IF(ISERROR(IF($AM95="","",ROUND(SUM($X95,$AL95,$AO95),2))),"",IF($AM95="","",ROUND(SUM($X95,$AL95,$AO95),2))) | AQ95: =IF(ISERROR(IF($AM95="","",VLOOKUP(AP95,TRANSMUTATION_TABLE,4,TRUE))),"",IF($AM95="","",VLOOKUP(AP95,TRANSMUTATION_TABLE,4,TRUE)))
V96: =IF(COUNT($F96:$U96)=0,"",SUM($F96:$U96)) | W96: =IF(ISERROR(IF($V96="","",ROUND(($V96/$V$13)*$W$13,2))),"",IF($V96="","",ROUND(($V96/$V$13)*$W$13,2))) | X96: =IF($W96="","",ROUND($W96*$X$13,2)) | AJ96: =IF(COUNT($Y96:$AI96)=0,"",SUM($Y96:$AI96)) | AK96: =IF(ISERROR(IF($AJ96="","",ROUND(($AJ96/$AJ$13)*$AK$13,2))),"",IF($AJ96="","",ROUND(($AJ96/$AJ$13)*$AK$13,2))) | AL96: =IF($AK96="","",ROUND($AK96*$AL$13,2)) | AN96: =IF(ISERROR(IF($AM96="","",ROUND(($AM96/$AM$13)*$AN$13,2))),"",IF($AM96="","",ROUND(($AM96/$AM$13)*$AN$13,2))) | AO96: =IF($AN96="","",ROUND($AN96*$AO$13,2)) | AP96: =IF(ISERROR(IF($AM96="","",ROUND(SUM($X96,$AL96,$AO96),2))),"",IF($AM96="","",ROUND(SUM($X96,$AL96,$AO96),2))) | AQ96: =IF(ISERROR(IF($AM96="","",VLOOKUP(AP96,TRANSMUTATION_TABLE,4,TRUE))),"",IF($AM96="","",VLOOKUP(AP96,TRANSMUTATION_TABLE,4,TRUE)))
V97: =IF(COUNT($F97:$U97)=0,"",SUM($F97:$U97)) | W97: =IF(ISERROR(IF($V97="","",ROUND(($V97/$V$13)*$W$13,2))),"",IF($V97="","",ROUND(($V97/$V$13)*$W$13,2))) | X97: =IF($W97="","",ROUND($W97*$X$13,2)) | AJ97: =IF(COUNT($Y97:$AI97)=0,"",SUM($Y97:$AI97)) | AK97: =IF(ISERROR(IF($AJ97="","",ROUND(($AJ97/$AJ$13)*$AK$13,2))),"",IF($AJ97="","",ROUND(($AJ97/$AJ$13)*$AK$13,2))) | AL97: =IF($AK97="","",ROUND($AK97*$AL$13,2)) | AN97: =IF(ISERROR(IF($AM97="","",ROUND(($AM97/$AM$13)*$AN$13,2))),"",IF($AM97="","",ROUND(($AM97/$AM$13)*$AN$13,2))) | AO97: =IF($AN97="","",ROUND($AN97*$AO$13,2)) | AP97: =IF(ISERROR(IF($AM97="","",ROUND(SUM($X97,$AL97,$AO97),2))),"",IF($AM97="","",ROUND(SUM($X97,$AL97,$AO97),2))) | AQ97: =IF(ISERROR(IF($AM97="","",VLOOKUP(AP97,TRANSMUTATION_TABLE,4,TRUE))),"",IF($AM97="","",VLOOKUP(AP97,TRANSMUTATION_TABLE,4,TRUE)))
V98: =IF(COUNT($F98:$U98)=0,"",SUM($F98:$U98)) | W98: =IF(ISERROR(IF($V98="","",ROUND(($V98/$V$13)*$W$13,2))),"",IF($V98="","",ROUND(($V98/$V$13)*$W$13,2))) | X98: =IF($W98="","",ROUND($W98*$X$13,2)) | AJ98: =IF(COUNT($Y98:$AI98)=0,"",SUM($Y98:$AI98)) | AK98: =IF(ISERROR(IF($AJ98="","",ROUND(($AJ98/$AJ$13)*$AK$13,2))),"",IF($AJ98="","",ROUND(($AJ98/$AJ$13)*$AK$13,2))) | AL98: =IF($AK98="","",ROUND($AK98*$AL$13,2)) | AN98: =IF(ISERROR(IF($AM98="","",ROUND(($AM98/$AM$13)*$AN$13,2))),"",IF($AM98="","",ROUND(($AM98/$AM$13)*$AN$13,2))) | AO98: =IF($AN98="","",ROUND($AN98*$AO$13,2)) | AP98: =IF(ISERROR(IF($AM98="","",ROUND(SUM($X98,$AL98,$AO98),2))),"",IF($AM98="","",ROUND(SUM($X98,$AL98,$AO98),2))) | AQ98: =IF(ISERROR(IF($AM98="","",VLOOKUP(AP98,TRANSMUTATION_TABLE,4,TRUE))),"",IF($AM98="","",VLOOKUP(AP98,TRANSMUTATION_TABLE,4,TRUE)))
V99: =IF(COUNT($F99:$U99)=0,"",SUM($F99:$U99)) | W99: =IF(ISERROR(IF($V99="","",ROUND(($V99/$V$13)*$W$13,2))),"",IF($V99="","",ROUND(($V99/$V$13)*$W$13,2))) | X99: =IF($W99="","",ROUND($W99*$X$13,2)) | AJ99: =IF(COUNT($Y99:$AI99)=0,"",SUM($Y99:$AI99)) | AK99: =IF(ISERROR(IF($AJ99="","",ROUND(($AJ99/$AJ$13)*$AK$13,2))),"",IF($AJ99="","",ROUND(($AJ99/$AJ$13)*$AK$13,2))) | AL99: =IF($AK99="","",ROUND($AK99*$AL$13,2)) | AN99: =IF(ISERROR(IF($AM99="","",ROUND(($AM99/$AM$13)*$AN$13,2))),"",IF($AM99="","",ROUND(($AM99/$AM$13)*$AN$13,2))) | AO99: =IF($AN99="","",ROUND($AN99*$AO$13,2)) | AP99: =IF(ISERROR(IF($AM99="","",ROUND(SUM($X99,$AL99,$AO99),2))),"",IF($AM99="","",ROUND(SUM($X99,$AL99,$AO99),2))) | AQ99: =IF(ISERROR(IF($AM99="","",VLOOKUP(AP99,TRANSMUTATION_TABLE,4,TRUE))),"",IF($AM99="","",VLOOKUP(AP99,TRANSMUTATION_TABLE,4,TRUE)))
V103: =IF(COUNT($F103:$U103)=0,"",SUM($F103:$U103)) | W103: =IF(ISERROR(IF($V103="","",ROUND(($V103/$V$13)*$W$13,2))),"",IF($V103="","",ROUND(($V103/$V$13)*$W$13,2))) | X103: =IF($W103="","",ROUND($W103*$X$13,2)) | AJ103: =IF(COUNT($Y103:$AI103)=0,"",SUM($Y103:$AI103)) | AK103: =IF(ISERROR(IF($AJ103="","",ROUND(($AJ103/$AJ$13)*$AK$13,2))),"",IF($AJ103="","",ROUND(($AJ103/$AJ$13)*$AK$13,2))) | AL103: =IF($AK103="","",ROUND($AK103*$AL$13,2)) | AN103: =IF(ISERROR(IF($AM103="","",ROUND(($AM103/$AM$13)*$AN$13,2))),"",IF($AM103="","",ROUND(($AM103/$AM$13)*$AN$13,2))) | AO103: =IF($AN103="","",ROUND($AN103*$AO$13,2)) | AP103: =IF(ISERROR(IF($AM103="","",ROUND(SUM($X103,$AL103,$AO103),2))),"",IF($AM103="","",ROUND(SUM($X103,$AL103,$AO103),2))) | AQ103: =IF(ISERROR(IF($AM103="","",VLOOKUP(AP103,TRANSMUTATION_TABLE,4,TRUE))),"",IF($AM103="","",VLOOKUP(AP103,TRANSMUTATION_TABLE,4,TRUE)))
V104: =IF(COUNT($F104:$U104)=0,"",SUM($F104:$U104)) | W104: =IF(ISERROR(IF($V104="","",ROUND(($V104/$V$13)*$W$13,2))),"",IF($V104="","",ROUND(($V104/$V$13)*$W$13,2))) | X104: =IF($W104="","",ROUND($W104*$X$13,2)) | AJ104: =IF(COUNT($Y104:$AI104)=0,"",SUM($Y104:$AI104)) | AK104: =IF(ISERROR(IF($AJ104="","",ROUND(($AJ104/$AJ$13)*$AK$13,2))),"",IF($AJ104="","",ROUND(($AJ104/$AJ$13)*$AK$13,2))) | AL104: =IF($AK104="","",ROUND($AK104*$AL$13,2)) | AN104: =IF(ISERROR(IF($AM104="","",ROUND(($AM104/$AM$13)*$AN$13,2))),"",IF($AM104="","",ROUND(($AM104/$AM$13)*$AN$13,2))) | AO104: =IF($AN104="","",ROUND($AN104*$AO$13,2)) | AP104: =IF(ISERROR(IF($AM104="","",ROUND(SUM($X104,$AL104,$AO104),2))),"",IF($AM104="","",ROUND(SUM($X104,$AL104,$AO104),2))) | AQ104: =IF(ISERROR(IF($AM104="","",VLOOKUP(AP104,TRANSMUTATION_TABLE,4,TRUE))),"",IF($AM104="","",VLOOKUP(AP104,TRANSMUTATION_TABLE,4,TRUE)))
V105: =IF(COUNT($F105:$U105)=0,"",SUM($F105:$U105)) | W105: =IF(ISERROR(IF($V105="","",ROUND(($V105/$V$13)*$W$13,2))),"",IF($V105="","",ROUND(($V105/$V$13)*$W$13,2))) | X105: =IF($W105="","",ROUND($W105*$X$13,2)) | AJ105: =IF(COUNT($Y105:$AI105)=0,"",SUM($Y105:$AI105)) | AK105: =IF(ISERROR(IF($AJ105="","",ROUND(($AJ105/$AJ$13)*$AK$13,2))),"",IF($AJ105="","",ROUND(($AJ105/$AJ$13)*$AK$13,2))) | AL105: =IF($AK105="","",ROUND($AK105*$AL$13,2)) | AN105: =IF(ISERROR(IF($AM105="","",ROUND(($AM105/$AM$13)*$AN$13,2))),"",IF($AM105="","",ROUND(($AM105/$AM$13)*$AN$13,2))) | AO105: =IF($AN105="","",ROUND($AN105*$AO$13,2)) | AP105: =IF(ISERROR(IF($AM105="","",ROUND(SUM($X105,$AL105,$AO105),2))),"",IF($AM105="","",ROUND(SUM($X105,$AL105,$AO105),2))) | AQ105: =IF(ISERROR(IF($AM105="","",VLOOKUP(AP105,TRANSMUTATION_TABLE,4,TRUE))),"",IF($AM105="","",VLOOKUP(AP105,TRANSMUTATION_TABLE,4,TRUE)))
V106: =IF(COUNT($F106:$U106)=0,"",SUM($F106:$U106)) | W106: =IF(ISERROR(IF($V106="","",ROUND(($V106/$V$13)*$W$13,2))),"",IF($V106="","",ROUND(($V106/$V$13)*$W$13,2))) | X106: =IF($W106="","",ROUND($W106*$X$13,2)) | AJ106: =IF(COUNT($Y106:$AI106)=0,"",SUM($Y106:$AI106)) | AK106: =IF(ISERROR(IF($AJ106="","",ROUND(($AJ106/$AJ$13)*$AK$13,2))),"",IF($AJ106="","",ROUND(($AJ106/$AJ$13)*$AK$13,2))) | AL106: =IF($AK106="","",ROUND($AK106*$AL$13,2)) | AN106: =IF(ISERROR(IF($AM106="","",ROUND(($AM106/$AM$13)*$AN$13,2))),"",IF($AM106="","",ROUND(($AM106/$AM$13)*$AN$13,2))) | AO106: =IF($AN106="","",ROUND($AN106*$AO$13,2)) | AP106: =IF(ISERROR(IF($AM106="","",ROUND(SUM($X106,$AL106,$AO106),2))),"",IF($AM106="","",ROUND(SUM($X106,$AL106,$AO106),2))) | AQ106: =IF(ISERROR(IF($AM106="","",VLOOKUP(AP106,TRANSMUTATION_TABLE,4,TRUE))),"",IF($AM106="","",VLOOKUP(AP106,TRANSMUTATION_TABLE,4,TRUE)))
V107: =IF(COUNT($F107:$U107)=0,"",SUM($F107:$U107)) | W107: =IF(ISERROR(IF($V107="","",ROUND(($V107/$V$13)*$W$13,2))),"",IF($V107="","",ROUND(($V107/$V$13)*$W$13,2))) | X107: =IF($W107="","",ROUND($W107*$X$13,2)) | AJ107: =IF(COUNT($Y107:$AI107)=0,"",SUM($Y107:$AI107)) | AK107: =IF(ISERROR(IF($AJ107="","",ROUND(($AJ107/$AJ$13)*$AK$13,2))),"",IF($AJ107="","",ROUND(($AJ107/$AJ$13)*$AK$13,2))) | AL107: =IF($AK107="","",ROUND($AK107*$AL$13,2)) | AN107: =IF(ISERROR(IF($AM107="","",ROUND(($AM107/$AM$13)*$AN$13,2))),"",IF($AM107="","",ROUND(($AM107/$AM$13)*$AN$13,2))) | AO107: =IF($AN107="","",ROUND($AN107*$AO$13,2)) | AP107: =IF(ISERROR(IF($AM107="","",ROUND(SUM($X107,$AL107,$AO107),2))),"",IF($AM107="","",ROUND(SUM($X107,$AL107,$AO107),2))) | AQ107: =IF(ISERROR(IF($AM107="","",VLOOKUP(AP107,TRANSMUTATION_TABLE,4,TRUE))),"",IF($AM107="","",VLOOKUP(AP107,TRANSMUTATION_TABLE,4,TRUE)))

Sheet SCIENCE_Q4
A1: Class Record
A3: (Pursuant to Deped Order 8 series of 2015)
C4: REGION | G4: NCR | U4: DIVISION | V4: PARAÑAQUE | Z4: DISTRICT | AH4: VII
B6: SCHOOL NAME | G6: PARAÑAQUE NATIONAL HIGH SCHOOL - BACLARAN | Z6: SCHOOL ID | AH6: 305426 | AK6: SCHOOL YEAR | AN6: 2025 - 2026
A8: FOURTH QUARTER | F8: GRADE & SECTION: | O8: IX - | W8: TEACHER: | Y8: MRS. VANESSA G. LAS PIÑAS - TALENTO | AJ8: SUBJECT: | AL8: SCIENCE 9
B9: LEARNERS' NAMES | F9: WRITTEN WORKS (40%) | Y9: PERFORMANCE TASKS (40%) | AM9: QUARTERLY ASSESSMENT (20%) | AP9: Initial Grade | AQ9: Quarterly Grade
F10: SEATWORK | U10: Notebook | Y10: GROUP ACTIVITY | AI10: Recitation
F11: (Let's Recall, Let's Apply, Let's Analyze, Let's Try) | Y11: Let's Create | AM11: Periodic Test
F12: 1 | G12: 2 | H12: 3 | I12: 4 | J12: 5 | K12: 6 | L12: 7 | M12: 8 | N12: 9 | O12: 10 | P12: 11 | Q12: 12 | R12: 13 | S12: 14 | T12: 15 | U12: 4 | V12: Total | W12: PS | X12: WS | Y12: 1 | Z12: 2 | AA12: 3 | AB12: 4 | AC12: 5 | AD12: 6 | AE12: 7 | AF12: 8 | AG12: 9 | AH12: 10 | AI12: 4 | AJ12: Total | AK12: PS | AL12: WS | AM12: 4 | AN12: PS | AO12: WS
B13: HIGHEST POSSIBLE SCORE | V13: =IF(COUNT($F13:$U13)=0,"",SUM($F13:$U13)) | W13: 100 | X13: 0.4 | AJ13: =IF(COUNT($Y13:$AI13)=0,"",SUM($Y13:$AI13)) | AK13: 100 | AL13: 0.4 | AM13: 40 | AN13: 100 | AO13: 0.2
B14: MALE
A15: 1 | V15: =IF(COUNT($F15:$U15)=0,"",SUM($F15:$U15)) | W15: =IF(ISERROR(IF($V15="","",ROUND(($V15/$V$13)*$W$13,2))),"",IF($V15="","",ROUND(($V15/$V$13)*$W$13,2))) | X15: =IF($W15="","",ROUND($W15*$X$13,2)) | AJ15: =IF(COUNT($Y15:$AI15)=0,"",SUM($Y15:$AI15)) | AK15: =IF(ISERROR(IF($AJ15="","",ROUND(($AJ15/$AJ$13)*$AK$13,2))),"",IF($AJ15="","",ROUND(($AJ15/$AJ$13)*$AK$13,2))) | AL15: =IF($AK15="","",ROUND($AK15*$AL$13,2)) | AN15: =IF(ISERROR(IF($AM15="","",ROUND(($AM15/$AM$13)*$AN$13,2))),"",IF($AM15="","",ROUND(($AM15/$AM$13)*$AN$13,2))) | AO15: =IF($AN15="","",ROUND($AN15*$AO$13,2)) | AP15: =IF(ISERROR(IF($AM15="","",ROUND(SUM($X15,$AL15,$AO15),2))),"",IF($AM15="","",ROUND(SUM($X15,$AL15,$AO15),2))) | AQ15: =IF(ISERROR(IF($AM15="","",VLOOKUP(AP15,TRANSMUTATION_TABLE,4,TRUE))),"",IF($AM15="","",VLOOKUP(AP15,TRANSMUTATION_TABLE,4,TRUE))) | AT15: 60-69 | AU15: 78
A16: 2 | V16: =IF(COUNT($F16:$U16)=0,"",SUM($F16:$U16)) | W16: =IF(ISERROR(IF($V16="","",ROUND(($V16/$V$13)*$W$13,2))),"",IF($V16="","",ROUND(($V16/$V$13)*$W$13,2))) | X16: =IF($W16="","",ROUND($W16*$X$13,2)) | AJ16: =IF(COUNT($Y16:$AI16)=0,"",SUM($Y16:$AI16)) | AK16: =IF(ISERROR(IF($AJ16="","",ROUND(($AJ16/$AJ$13)*$AK$13,2))),"",IF($AJ16="","",ROUND(($AJ16/$AJ$13)*$AK$13,2))) | AL16: =IF($AK16="","",ROUND($AK16*$AL$13,2)) | AN16: =IF(ISERROR(IF($AM16="","",ROUND(($AM16/$AM$13)*$AN$13,2))),"",IF($AM16="","",ROUND(($AM16/$AM$13)*$AN$13,2))) | AO16: =IF($AN16="","",ROUND($AN16*$AO$13,2)) | AP16: =IF(ISERROR(IF($AM16="","",ROUND(SUM($X16,$AL16,$AO16),2))),"",IF($AM16="","",ROUND(SUM($X16,$AL16,$AO16),2))) | AQ16: =IF(ISERROR(IF($AM16="","",VLOOKUP(AP16,TRANSMUTATION_TABLE,4,TRUE))),"",IF($AM16="","",VLOOKUP(AP16,TRANSMUTATION_TABLE,4,TRUE))) | AT16: 70-74 | AU16: 79
A17: 3 | V17: =IF(COUNT($F17:$U17)=0,"",SUM($F17:$U17)) | W17: =IF(ISERROR(IF($V17="","",ROUND(($V17/$V$13)*$W$13,2))),"",IF($V17="","",ROUND(($V17/$V$13)*$W$13,2))) | X17: =IF($W17="","",ROUND($W17*$X$13,2)) | AJ17: =IF(COUNT($Y17:$AI17)=0,"",SUM($Y17:$AI17)) | AK17: =IF(ISERROR(IF($AJ17="","",ROUND(($AJ17/$AJ$13)*$AK$13,2))),"",IF($AJ17="","",ROUND(($AJ17/$AJ$13)*$AK$13,2))) | AL17: =IF($AK17="","",ROUND($AK17*$AL$13,2)) | AN17: =IF(ISERROR(IF($AM17="","",ROUND(($AM17/$AM$13)*$AN$13,2))),"",IF($AM17="","",ROUND(($AM17/$AM$13)*$AN$13,2))) | AO17: =IF($AN17="","",ROUND($AN17*$AO$13,2)) | AP17: =IF(ISERROR(IF($AM17="","",ROUND(SUM($X17,$AL17,$AO17),2))),"",IF($AM17="","",ROUND(SUM($X17,$AL17,$AO17),2))) | AQ17: =IF(ISERROR(IF($AM17="","",VLOOKUP(AP17,TRANSMUTATION_TABLE,4,TRUE))),"",IF($AM17="","",VLOOKUP(AP17,TRANSMUTATION_TABLE,4,TRUE))) | AT17: 75-79 | AU17: 80
A18: 4 | V18: =IF(COUNT($F18:$U18)=0,"",SUM($F18:$U18)) | W18: =IF(ISERROR(IF($V18="","",ROUND(($V18/$V$13)*$W$13,2))),"",IF($V18="","",ROUND(($V18/$V$13)*$W$13,2))) | X18: =IF($W18="","",ROUND($W18*$X$13,2)) | AJ18: =IF(COUNT($Y18:$AI18)=0,"",SUM($Y18:$AI18)) | AK18: =IF(ISERROR(IF($AJ18="","",ROUND(($AJ18/$AJ$13)*$AK$13,2))),"",IF($AJ18="","",ROUND(($AJ18/$AJ$13)*$AK$13,2))) | AL18: =IF($AK18="","",ROUND($AK18*$AL$13,2)) | AN18: =IF(ISERROR(IF($AM18="","",ROUND(($AM18/$AM$13)*$AN$13,2))),"",IF($AM18="","",ROUND(($AM18/$AM$13)*$AN$13,2))) | AO18: =IF($AN18="","",ROUND($AN18*$AO$13,2)) | AP18: =IF(ISERROR(IF($AM18="","",ROUND(SUM($X18,$AL18,$AO18),2))),"",IF($AM18="","",ROUND(SUM($X18,$AL18,$AO18),2))) | AQ18: =IF(ISERROR(IF($AM18="","",VLOOKUP(AP18,TRANSMUTATION_TABLE,4,TRUE))),"",IF($AM18="","",VLOOKUP(AP18,TRANSMUTATION_TABLE,4,TRUE))) | AT18: 80-84 | AU18: 85
A19: 5 | V19: =IF(COUNT($F19:$U19)=0,"",SUM($F19:$U19)) | W19: =IF(ISERROR(IF($V19="","",ROUND(($V19/$V$13)*$W$13,2))),"",IF($V19="","",ROUND(($V19/$V$13)*$W$13,2))) | X19: =IF($W19="","",ROUND($W19*$X$13,2)) | AJ19: =IF(COUNT($Y19:$AI19)=0,"",SUM($Y19:$AI19)) | AK19: =IF(ISERROR(IF($AJ19="","",ROUND(($AJ19/$AJ$13)*$AK$13,2))),"",IF($AJ19="","",ROUND(($AJ19/$AJ$13)*$AK$13,2))) | AL19: =IF($AK19="","",ROUND($AK19*$AL$13,2)) | AN19: =IF(ISERROR(IF($AM19="","",ROUND(($AM19/$AM$13)*$AN$13,2))),"",IF($AM19="","",ROUND(($AM19/$AM$13)*$AN$13,2))) | AO19: =IF($AN19="","",ROUND($AN19*$AO$13,2)) | AP19: =IF(ISERROR(IF($AM19="","",ROUND(SUM($X19,$AL19,$AO19),2))),"",IF($AM19="","",ROUND(SUM($X19,$AL19,$AO19),2))) | AQ19: =IF(ISERROR(IF($AM19="","",VLOOKUP(AP19,TRANSMUTATION_TABLE,4,TRUE))),"",IF($AM19="","",VLOOKUP(AP19,TRANSMUTATION_TABLE,4,TRUE))) | AT19: 85-88 | AU19: 89
A20: 6 | V20: =IF(COUNT($F20:$U20)=0,"",SUM($F20:$U20)) | W20: =IF(ISERROR(IF($V20="","",ROUND(($V20/$V$13)*$W$13,2))),"",IF($V20="","",ROUND(($V20/$V$13)*$W$13,2))) | X20: =IF($W20="","",ROUND($W20*$X$13,2)) | AJ20: =IF(COUNT($Y20:$AI20)=0,"",SUM($Y20:$AI20)) | AK20: =IF(ISERROR(IF($AJ20="","",ROUND(($AJ20/$AJ$13)*$AK$13,2))),"",IF($AJ20="","",ROUND(($AJ20/$AJ$13)*$AK$13,2))) | AL20: =IF($AK20="","",ROUND($AK20*$AL$13,2)) | AN20: =IF(ISERROR(IF($AM20="","",ROUND(($AM20/$AM$13)*$AN$13,2))),"",IF($AM20="","",ROUND(($AM20/$AM$13)*$AN$13,2))) | AO20: =IF($AN20="","",ROUND($AN20*$AO$13,2)) | AP20: =IF(ISERROR(IF($AM20="","",ROUND(SUM($X20,$AL20,$AO20),2))),"",IF($AM20="","",ROUND(SUM($X20,$AL20,$AO20),2))) | AQ20: =IF(ISERROR(IF($AM20="","",VLOOKUP(AP20,TRANSMUTATION_TABLE,4,TRUE))),"",IF($AM20="","",VLOOKUP(AP20,TRANSMUTATION_TABLE,4,TRUE))) | AT20: 89-91 | AU20: 92
A21: 7 | V21: =IF(COUNT($F21:$U21)=0,"",SUM($F21:$U21)) | W21: =IF(ISERROR(IF($V21="","",ROUND(($V21/$V$13)*$W$13,2))),"",IF($V21="","",ROUND(($V21/$V$13)*$W$13,2))) | X21: =IF($W21="","",ROUND($W21*$X$13,2)) | AJ21: =IF(COUNT($Y21:$AI21)=0,"",SUM($Y21:$AI21)) | AK21: =IF(ISERROR(IF($AJ21="","",ROUND(($AJ21/$AJ$13)*$AK$13,2))),"",IF($AJ21="","",ROUND(($AJ21/$AJ$13)*$AK$13,2))) | AL21: =IF($AK21="","",ROUND($AK21*$AL$13,2)) | AN21: =IF(ISERROR(IF($AM21="","",ROUND(($AM21/$AM$13)*$AN$13,2))),"",IF($AM21="","",ROUND(($AM21/$AM$13)*$AN$13,2))) | AO21: =IF($AN21="","",ROUND($AN21*$AO$13,2)) | AP21: =IF(ISERROR(IF($AM21="","",ROUND(SUM($X21,$AL21,$AO21),2))),"",IF($AM21="","",ROUND(SUM($X21,$AL21,$AO21),2))) | AQ21: =IF(ISERROR(IF($AM21="","",VLOOKUP(AP21,TRANSMUTATION_TABLE,4,TRUE))),"",IF($AM21="","",VLOOKUP(AP21,TRANSMUTATION_TABLE,4,TRUE)))
A22: 8 | V22: =IF(COUNT($F22:$U22)=0,"",SUM($F22:$U22)) | W22: =IF(ISERROR(IF($V22="","",ROUND(($V22/$V$13)*$W$13,2))),"",IF($V22="","",ROUND(($V22/$V$13)*$W$13,2))) | X22: =IF($W22="","",ROUND($W22*$X$13,2)) | AJ22: =IF(COUNT($Y22:$AI22)=0,"",SUM($Y22:$AI22)) | AK22: =IF(ISERROR(IF($AJ22="","",ROUND(($AJ22/$AJ$13)*$AK$13,2))),"",IF($AJ22="","",ROUND(($AJ22/$AJ$13)*$AK$13,2))) | AL22: =IF($AK22="","",ROUND($AK22*$AL$13,2)) | AN22: =IF(ISERROR(IF($AM22="","",ROUND(($AM22/$AM$13)*$AN$13,2))),"",IF($AM22="","",ROUND(($AM22/$AM$13)*$AN$13,2))) | AO22: =IF($AN22="","",ROUND($AN22*$AO$13,2)) | AP22: =IF(ISERROR(IF($AM22="","",ROUND(SUM($X22,$AL22,$AO22),2))),"",IF($AM22="","",ROUND(SUM($X22,$AL22,$AO22),2))) | AQ22: =IF(ISERROR(IF($AM22="","",VLOOKUP(AP22,TRANSMUTATION_TABLE,4,TRUE))),"",IF($AM22="","",VLOOKUP(AP22,TRANSMUTATION_TABLE,4,TRUE)))
A23: 9 | V23: =IF(COUNT($F23:$U23)=0,"",SUM($F23:$U23)) | W23: =IF(ISERROR(IF($V23="","",ROUND(($V23/$V$13)*$W$13,2))),"",IF($V23="","",ROUND(($V23/$V$13)*$W$13,2))) | X23: =IF($W23="","",ROUND($W23*$X$13,2)) | AJ23: =IF(COUNT($Y23:$AI23)=0,"",SUM($Y23:$AI23)) | AK23: =IF(ISERROR(IF($AJ23="","",ROUND(($AJ23/$AJ$13)*$AK$13,2))),"",IF($AJ23="","",ROUND(($AJ23/$AJ$13)*$AK$13,2))) | AL23: =IF($AK23="","",ROUND($AK23*$AL$13,2)) | AN23: =IF(ISERROR(IF($AM23="","",ROUND(($AM23/$AM$13)*$AN$13,2))),"",IF($AM23="","",ROUND(($AM23/$AM$13)*$AN$13,2))) | AO23: =IF($AN23="","",ROUND($AN23*$AO$13,2)) | AP23: =IF(ISERROR(IF($AM23="","",ROUND(SUM($X23,$AL23,$AO23),2))),"",IF($AM23="","",ROUND(SUM($X23,$AL23,$AO23),2))) | AQ23: =IF(ISERROR(IF($AM23="","",VLOOKUP(AP23,TRANSMUTATION_TABLE,4,TRUE))),"",IF($AM23="","",VLOOKUP(AP23,TRANSMUTATION_TABLE,4,TRUE)))
A24: 10 | V24: =IF(COUNT($F24:$U24)=0,"",SUM($F24:$U24)) | W24: =IF(ISERROR(IF($V24="","",ROUND(($V24/$V$13)*$W$13,2))),"",IF($V24="","",ROUND(($V24/$V$13)*$W$13,2))) | X24: =IF($W24="","",ROUND($W24*$X$13,2)) | AJ24: =IF(COUNT($Y24:$AI24)=0,"",SUM($Y24:$AI24)) | AK24: =IF(ISERROR(IF($AJ24="","",ROUND(($AJ24/$AJ$13)*$AK$13,2))),"",IF($AJ24="","",ROUND(($AJ24/$AJ$13)*$AK$13,2))) | AL24: =IF($AK24="","",ROUND($AK24*$AL$13,2)) | AN24: =IF(ISERROR(IF($AM24="","",ROUND(($AM24/$AM$13)*$AN$13,2))),"",IF($AM24="","",ROUND(($AM24/$AM$13)*$AN$13,2))) | AO24: =IF($AN24="","",ROUND($AN24*$AO$13,2)) | AP24: =IF(ISERROR(IF($AM24="","",ROUND(SUM($X24,$AL24,$AO24),2))),"",IF($AM24="","",ROUND(SUM($X24,$AL24,$AO24),2))) | AQ24: =IF(ISERROR(IF($AM24="","",VLOOKUP(AP24,TRANSMUTATION_TABLE,4,TRUE))),"",IF($AM24="","",VLOOKUP(AP24,TRANSMUTATION_TABLE,4,TRUE)))
A25: 11 | V25: =IF(COUNT($F25:$U25)=0,"",SUM($F25:$U25)) | W25: =IF(ISERROR(IF($V25="","",ROUND(($V25/$V$13)*$W$13,2))),"",IF($V25="","",ROUND(($V25/$V$13)*$W$13,2))) | X25: =IF($W25="","",ROUND($W25*$X$13,2)) | AJ25: =IF(COUNT($Y25:$AI25)=0,"",SUM($Y25:$AI25)) | AK25: =IF(ISERROR(IF($AJ25="","",ROUND(($AJ25/$AJ$13)*$AK$13,2))),"",IF($AJ25="","",ROUND(($AJ25/$AJ$13)*$AK$13,2))) | AL25: =IF($AK25="","",ROUND($AK25*$AL$13,2)) | AN25: =IF(ISERROR(IF($AM25="","",ROUND(($AM25/$AM$13)*$AN$13,2))),"",IF($AM25="","",ROUND(($AM25/$AM$13)*$AN$13,2))) | AO25: =IF($AN25="","",ROUND($AN25*$AO$13,2)) | AP25: =IF(ISERROR(IF($AM25="","",ROUND(SUM($X25,$AL25,$AO25),2))),"",IF($AM25="","",ROUND(SUM($X25,$AL25,$AO25),2))) | AQ25: =IF(ISERROR(IF($AM25="","",VLOOKUP(AP25,TRANSMUTATION_TABLE,4,TRUE))),"",IF($AM25="","",VLOOKUP(AP25,TRANSMUTATION_TABLE,4,TRUE)))
A26: 12 | V26: =IF(COUNT($F26:$U26)=0,"",SUM($F26:$U26)) | W26: =IF(ISERROR(IF($V26="","",ROUND(($V26/$V$13)*$W$13,2))),"",IF($V26="","",ROUND(($V26/$V$13)*$W$13,2))) | X26: =IF($W26="","",ROUND($W26*$X$13,2)) | AJ26: =IF(COUNT($Y26:$AI26)=0,"",SUM($Y26:$AI26)) | AK26: =IF(ISERROR(IF($AJ26="","",ROUND(($AJ26/$AJ$13)*$AK$13,2))),"",IF($AJ26="","",ROUND(($AJ26/$AJ$13)*$AK$13,2))) | AL26: =IF($AK26="","",ROUND($AK26*$AL$13,2)) | AN26: =IF(ISERROR(IF($AM26="","",ROUND(($AM26/$AM$13)*$AN$13,2))),"",IF($AM26="","",ROUND(($AM26/$AM$13)*$AN$13,2))) | AO26: =IF($AN26="","",ROUND($AN26*$AO$13,2)) | AP26: =IF(ISERROR(IF($AM26="","",ROUND(SUM($X26,$AL26,$AO26),2))),"",IF($AM26="","",ROUND(SUM($X26,$AL26,$AO26),2))) | AQ26: =IF(ISERROR(IF($AM26="","",VLOOKUP(AP26,TRANSMUTATION_TABLE,4,TRUE))),"",IF($AM26="","",VLOOKUP(AP26,TRANSMUTATION_TABLE,4,TRUE)))
A27: 13 | V27: =IF(COUNT($F27:$U27)=0,"",SUM($F27:$U27)) | W27: =IF(ISERROR(IF($V27="","",ROUND(($V27/$V$13)*$W$13,2))),"",IF($V27="","",ROUND(($V27/$V$13)*$W$13,2))) | X27: =IF($W27="","",ROUND($W27*$X$13,2)) | AJ27: =IF(COUNT($Y27:$AI27)=0,"",SUM($Y27:$AI27)) | AK27: =IF(ISERROR(IF($AJ27="","",ROUND(($AJ27/$AJ$13)*$AK$13,2))),"",IF($AJ27="","",ROUND(($AJ27/$AJ$13)*$AK$13,2))) | AL27: =IF($AK27="","",ROUND($AK27*$AL$13,2)) | AN27: =IF(ISERROR(IF($AM27="","",ROUND(($AM27/$AM$13)*$AN$13,2))),"",IF($AM27="","",ROUND(($AM27/$AM$13)*$AN$13,2))) | AO27: =IF($AN27="","",ROUND($AN27*$AO$13,2)) | AP27: =IF(ISERROR(IF($AM27="","",ROUND(SUM($X27,$AL27,$AO27),2))),"",IF($AM27="","",ROUND(SUM($X27,$AL27,$AO27),2))) | AQ27: =IF(ISERROR(IF($AM27="","",VLOOKUP(AP27,TRANSMUTATION_TABLE,4,TRUE))),"",IF($AM27="","",VLOOKUP(AP27,TRANSMUTATION_TABLE,4,TRUE)))
A28: 14 | V28: =IF(COUNT($F28:$U28)=0,"",SUM($F28:$U28)) | W28: =IF(ISERROR(IF($V28="","",ROUND(($V28/$V$13)*$W$13,2))),"",IF($V28="","",ROUND(($V28/$V$13)*$W$13,2))) | X28: =IF($W28="","",ROUND($W28*$X$13,2)) | AJ28: =IF(COUNT($Y28:$AI28)=0,"",SUM($Y28:$AI28)) | AK28: =IF(ISERROR(IF($AJ28="","",ROUND(($AJ28/$AJ$13)*$AK$13,2))),"",IF($AJ28="","",ROUND(($AJ28/$AJ$13)*$AK$13,2))) | AL28: =IF($AK28="","",ROUND($AK28*$AL$13,2)) | AN28: =IF(ISERROR(IF($AM28="","",ROUND(($AM28/$AM$13)*$AN$13,2))),"",IF($AM28="","",ROUND(($AM28/$AM$13)*$AN$13,2))) | AO28: =IF($AN28="","",ROUND($AN28*$AO$13,2)) | AP28: =IF(ISERROR(IF($AM28="","",ROUND(SUM($X28,$AL28,$AO28),2))),"",IF($AM28="","",ROUND(SUM($X28,$AL28,$AO28),2))) | AQ28: =IF(ISERROR(IF($AM28="","",VLOOKUP(AP28,TRANSMUTATION_TABLE,4,TRUE))),"",IF($AM28="","",VLOOKUP(AP28,TRANSMUTATION_TABLE,4,TRUE)))
A29: 15 | V29: =IF(COUNT($F29:$U29)=0,"",SUM($F29:$U29)) | W29: =IF(ISERROR(IF($V29="","",ROUND(($V29/$V$13)*$W$13,2))),"",IF($V29="","",ROUND(($V29/$V$13)*$W$13,2))) | X29: =IF($W29="","",ROUND($W29*$X$13,2)) | AJ29: =IF(COUNT($Y29:$AI29)=0,"",SUM($Y29:$AI29)) | AK29: =IF(ISERROR(IF($AJ29="","",ROUND(($AJ29/$AJ$13)*$AK$13,2))),"",IF($AJ29="","",ROUND(($AJ29/$AJ$13)*$AK$13,2))) | AL29: =IF($AK29="","",ROUND($AK29*$AL$13,2)) | AN29: =IF(ISERROR(IF($AM29="","",ROUND(($AM29/$AM$13)*$AN$13,2))),"",IF($AM29="","",ROUND(($AM29/$AM$13)*$AN$13,2))) | AO29: =IF($AN29="","",ROUND($AN29*$AO$13,2)) | AP29: =IF(ISERROR(IF($AM29="","",ROUND(SUM($X29,$AL29,$AO29),2))),"",IF($AM29="","",ROUND(SUM($X29,$AL29,$AO29),2))) | AQ29: =IF(ISERROR(IF($AM29="","",VLOOKUP(AP29,TRANSMUTATION_TABLE,4,TRUE))),"",IF($AM29="","",VLOOKUP(AP29,TRANSMUTATION_TABLE,4,TRUE)))
A30: 16 | V30: =IF(COUNT($F30:$U30)=0,"",SUM($F30:$U30)) | W30: =IF(ISERROR(IF($V30="","",ROUND(($V30/$V$13)*$W$13,2))),"",IF($V30="","",ROUND(($V30/$V$13)*$W$13,2))) | X30: =IF($W30="","",ROUND($W30*$X$13,2)) | AJ30: =IF(COUNT($Y30:$AI30)=0,"",SUM($Y30:$AI30)) | AK30: =IF(ISERROR(IF($AJ30="","",ROUND(($AJ30/$AJ$13)*$AK$13,2))),"",IF($AJ30="","",ROUND(($AJ30/$AJ$13)*$AK$13,2))) | AL30: =IF($AK30="","",ROUND($AK30*$AL$13,2)) | AN30: =IF(ISERROR(IF($AM30="","",ROUND(($AM30/$AM$13)*$AN$13,2))),"",IF($AM30="","",ROUND(($AM30/$AM$13)*$AN$13,2))) | AO30: =IF($AN30="","",ROUND($AN30*$AO$13,2)) | AP30: =IF(ISERROR(IF($AM30="","",ROUND(SUM($X30,$AL30,$AO30),2))),"",IF($AM30="","",ROUND(SUM($X30,$AL30,$AO30),2))) | AQ30: =IF(ISERROR(IF($AM30="","",VLOOKUP(AP30,TRANSMUTATION_TABLE,4,TRUE))),"",IF($AM30="","",VLOOKUP(AP30,TRANSMUTATION_TABLE,4,TRUE)))
A31: 17 | V31: =IF(COUNT($F31:$U31)=0,"",SUM($F31:$U31)) | W31: =IF(ISERROR(IF($V31="","",ROUND(($V31/$V$13)*$W$13,2))),"",IF($V31="","",ROUND(($V31/$V$13)*$W$13,2))) | X31: =IF($W31="","",ROUND($W31*$X$13,2)) | AJ31: =IF(COUNT($Y31:$AI31)=0,"",SUM($Y31:$AI31)) | AK31: =IF(ISERROR(IF($AJ31="","",ROUND(($AJ31/$AJ$13)*$AK$13,2))),"",IF($AJ31="","",ROUND(($AJ31/$AJ$13)*$AK$13,2))) | AL31: =IF($AK31="","",ROUND($AK31*$AL$13,2)) | AN31: =IF(ISERROR(IF($AM31="","",ROUND(($AM31/$AM$13)*$AN$13,2))),"",IF($AM31="","",ROUND(($AM31/$AM$13)*$AN$13,2))) | AO31: =IF($AN31="","",ROUND($AN31*$AO$13,2)) | AP31: =IF(ISERROR(IF($AM31="","",ROUND(SUM($X31,$AL31,$AO31),2))),"",IF($AM31="","",ROUND(SUM($X31,$AL31,$AO31),2))) | AQ31: =IF(ISERROR(IF($AM31="","",VLOOKUP(AP31,TRANSMUTATION_TABLE,4,TRUE))),"",IF($AM31="","",VLOOKUP(AP31,TRANSMUTATION_TABLE,4,TRUE)))
A32: 18 | V32: =IF(COUNT($F32:$U32)=0,"",SUM($F32:$U32)) | W32: =IF(ISERROR(IF($V32="","",ROUND(($V32/$V$13)*$W$13,2))),"",IF($V32="","",ROUND(($V32/$V$13)*$W$13,2))) | X32: =IF($W32="","",ROUND($W32*$X$13,2)) | AJ32: =IF(COUNT($Y32:$AI32)=0,"",SUM($Y32:$AI32)) | AK32: =IF(ISERROR(IF($AJ32="","",ROUND(($AJ32/$AJ$13)*$AK$13,2))),"",IF($AJ32="","",ROUND(($AJ32/$AJ$13)*$AK$13,2))) | AL32: =IF($AK32="","",ROUND($AK32*$AL$13,2)) | AN32: =IF(ISERROR(IF($AM32="","",ROUND(($AM32/$AM$13)*$AN$13,2))),"",IF($AM32="","",ROUND(($AM32/$AM$13)*$AN$13,2))) | AO32: =IF($AN32="","",ROUND($AN32*$AO$13,2)) | AP32: =IF(ISERROR(IF($AM32="","",ROUND(SUM($X32,$AL32,$AO32),2))),"",IF($AM32="","",ROUND(SUM($X32,$AL32,$AO32),2))) | AQ32: =IF(ISERROR(IF($AM32="","",VLOOKUP(AP32,TRANSMUTATION_TABLE,4,TRUE))),"",IF($AM32="","",VLOOKUP(AP32,TRANSMUTATION_TABLE,4,TRUE)))
... A36: 22 | V36: =IF(COUNT($F36:$U36)=0,"",SUM($F36:$U36)) | W36: =IF(ISERROR(IF($V36="","",ROUND(($V36/$V$13)*$W$13,2))),"",IF($V36="","",ROUND(($V36/$V$13)*$W$13,2))) | X36: =IF($W36="","",ROUND($W36*$X$13,2)) | AJ36: =IF(COUNT($Y36:$AI36)=0,"",SUM($Y36:$AI36)) | AK36: =IF(ISERROR(IF($AJ36="","",ROUND(($AJ36/$AJ$13)*$AK$13,2))),"",IF($AJ36="","",ROUND(($AJ36/$AJ$13)*$AK$13,2))) | AL36: =IF($AK36="","",ROUND($AK36*$AL$13,2)) | AN36: =IF(ISERROR(IF($AM36="","",ROUND(($AM36/$AM$13)*$AN$13,2))),"",IF($AM36="","",ROUND(($AM36/$AM$13)*$AN$13,2))) | AO36: =IF($AN36="","",ROUND($AN36*$AO$13,2)) | AP36: =IF(ISERROR(IF($AM36="","",ROUND(SUM($X36,$AL36,$AO36),2))),"",IF($AM36="","",ROUND(SUM($X36,$AL36,$AO36),2))) | AQ36: =IF(ISERROR(IF($AM36="","",VLOOKUP(AP36,TRANSMUTATION_TABLE,4,TRUE))),"",IF($AM36="","",VLOOKUP(AP36,TRANSMUTATION_TABLE,4,TRUE)))
AQ37: =IF(ISERROR(IF($AM37="","",VLOOKUP(AP37,TRANSMUTATION_TABLE,4,TRUE))),"",IF($AM37="","",VLOOKUP(AP37,TRANSMUTATION_TABLE,4,TRUE)))
V38: =IF(COUNT($F38:$U38)=0,"",SUM($F38:$U38)) | W38: =IF(ISERROR(IF($V38="","",ROUND(($V38/$V$13)*$W$13,2))),"",IF($V38="","",ROUND(($V38/$V$13)*$W$13,2))) | X38: =IF($W38="","",ROUND($W38*$X$13,2)) | AJ38: =IF(COUNT($Y38:$AI38)=0,"",SUM($Y38:$AI38)) | AK38: =IF(ISERROR(IF($AJ38="","",ROUND(($AJ38/$AJ$13)*$AK$13,2))),"",IF($AJ38="","",ROUND(($AJ38/$AJ$13)*$AK$13,2))) | AL38: =IF($AK38="","",ROUND($AK38*$AL$13,2)) | AN38: =IF(ISERROR(IF($AM38="","",ROUND(($AM38/$AM$13)*$AN$13,2))),"",IF($AM38="","",ROUND(($AM38/$AM$13)*$AN$13,2))) | AO38: =IF($AN38="","",ROUND($AN38*$AO$13,2)) | AP38: =IF(ISERROR(IF($AM38="","",ROUND(SUM($X38,$AL38,$AO38),2))),"",IF($AM38="","",ROUND(SUM($X38,$AL38,$AO38),2))) | AQ38: =IF(ISERROR(IF($AM38="","",VLOOKUP(AP38,TRANSMUTATION_TABLE,4,TRUE))),"",IF($AM38="","",VLOOKUP(AP38,TRANSMUTATION_TABLE,4,TRUE)))
V39: =IF(COUNT($F39:$U39)=0,"",SUM($F39:$U39)) | W39: =IF(ISERROR(IF($V39="","",ROUND(($V39/$V$13)*$W$13,2))),"",IF($V39="","",ROUND(($V39/$V$13)*$W$13,2))) | X39: =IF($W39="","",ROUND($W39*$X$13,2)) | AJ39: =IF(COUNT($Y39:$AI39)=0,"",SUM($Y39:$AI39)) | AK39: =IF(ISERROR(IF($AJ39="","",ROUND(($AJ39/$AJ$13)*$AK$13,2))),"",IF($AJ39="","",ROUND(($AJ39/$AJ$13)*$AK$13,2))) | AL39: =IF($AK39="","",ROUND($AK39*$AL$13,2)) | AN39: =IF(ISERROR(IF($AM39="","",ROUND(($AM39/$AM$13)*$AN$13,2))),"",IF($AM39="","",ROUND(($AM39/$AM$13)*$AN$13,2))) | AO39: =IF($AN39="","",ROUND($AN39*$AO$13,2)) | AP39: =IF(ISERROR(IF($AM39="","",ROUND(SUM($X39,$AL39,$AO39),2))),"",IF($AM39="","",ROUND(SUM($X39,$AL39,$AO39),2))) | AQ39: =IF(ISERROR(IF($AM39="","",VLOOKUP(AP39,TRANSMUTATION_TABLE,4,TRUE))),"",IF($AM39="","",VLOOKUP(AP39,TRANSMUTATION_TABLE,4,TRUE)))
V40: =IF(COUNT($F40:$U40)=0,"",SUM($F40:$U40)) | W40: =IF(ISERROR(IF($V40="","",ROUND(($V40/$V$13)*$W$13,2))),"",IF($V40="","",ROUND(($V40/$V$13)*$W$13,2))) | X40: =IF($W40="","",ROUND($W40*$X$13,2)) | AJ40: =IF(COUNT($Y40:$AI40)=0,"",SUM($Y40:$AI40)) | AK40: =IF(ISERROR(IF($AJ40="","",ROUND(($AJ40/$AJ$13)*$AK$13,2))),"",IF($AJ40="","",ROUND(($AJ40/$AJ$13)*$AK$13,2))) | AL40: =IF($AK40="","",ROUND($AK40*$AL$13,2)) | AN40: =IF(ISERROR(IF($AM40="","",ROUND(($AM40/$AM$13)*$AN$13,2))),"",IF($AM40="","",ROUND(($AM40/$AM$13)*$AN$13,2))) | AO40: =IF($AN40="","",ROUND($AN40*$AO$13,2)) | AP40: =IF(ISERROR(IF($AM40="","",ROUND(SUM($X40,$AL40,$AO40),2))),"",IF($AM40="","",ROUND(SUM($X40,$AL40,$AO40),2))) | AQ40: =IF(ISERROR(IF($AM40="","",VLOOKUP(AP40,TRANSMUTATION_TABLE,4,TRUE))),"",IF($AM40="","",VLOOKUP(AP40,TRANSMUTATION_TABLE,4,TRUE)))
V41: =IF(COUNT($F41:$U41)=0,"",SUM($F41:$U41)) | W41: =IF(ISERROR(IF($V41="","",ROUND(($V41/$V$13)*$W$13,2))),"",IF($V41="","",ROUND(($V41/$V$13)*$W$13,2))) | X41: =IF($W41="","",ROUND($W41*$X$13,2)) | AJ41: =IF(COUNT($Y41:$AI41)=0,"",SUM($Y41:$AI41)) | AK41: =IF(ISERROR(IF($AJ41="","",ROUND(($AJ41/$AJ$13)*$AK$13,2))),"",IF($AJ41="","",ROUND(($AJ41/$AJ$13)*$AK$13,2))) | AL41: =IF($AK41="","",ROUND($AK41*$AL$13,2)) | AN41: =IF(ISERROR(IF($AM41="","",ROUND(($AM41/$AM$13)*$AN$13,2))),"",IF($AM41="","",ROUND(($AM41/$AM$13)*$AN$13,2))) | AO41: =IF($AN41="","",ROUND($AN41*$AO$13,2)) | AP41: =IF(ISERROR(IF($AM41="","",ROUND(SUM($X41,$AL41,$AO41),2))),"",IF($AM41="","",ROUND(SUM($X41,$AL41,$AO41),2))) | AQ41: =IF(ISERROR(IF($AM41="","",VLOOKUP(AP41,TRANSMUTATION_TABLE,4,TRUE))),"",IF($AM41="","",VLOOKUP(AP41,TRANSMUTATION_TABLE,4,TRUE)))
V42: =IF(COUNT($F42:$U42)=0,"",SUM($F42:$U42)) | W42: =IF(ISERROR(IF($V42="","",ROUND(($V42/$V$13)*$W$13,2))),"",IF($V42="","",ROUND(($V42/$V$13)*$W$13,2))) | X42: =IF($W42="","",ROUND($W42*$X$13,2)) | AJ42: =IF(COUNT($Y42:$AI42)=0,"",SUM($Y42:$AI42)) | AK42: =IF(ISERROR(IF($AJ42="","",ROUND(($AJ42/$AJ$13)*$AK$13,2))),"",IF($AJ42="","",ROUND(($AJ42/$AJ$13)*$AK$13,2))) | AL42: =IF($AK42="","",ROUND($AK42*$AL$13,2)) | AN42: =IF(ISERROR(IF($AM42="","",ROUND(($AM42/$AM$13)*$AN$13,2))),"",IF($AM42="","",ROUND(($AM42/$AM$13)*$AN$13,2))) | AO42: =IF($AN42="","",ROUND($AN42*$AO$13,2)) | AP42: =IF(ISERROR(IF($AM42="","",ROUND(SUM($X42,$AL42,$AO42),2))),"",IF($AM42="","",ROUND(SUM($X42,$AL42,$AO42),2))) | AQ42: =IF(ISERROR(IF($AM42="","",VLOOKUP(AP42,TRANSMUTATION_TABLE,4,TRUE))),"",IF($AM42="","",VLOOKUP(AP42,TRANSMUTATION_TABLE,4,TRUE)))
V43: =IF(COUNT($F43:$U43)=0,"",SUM($F43:$U43)) | W43: =IF(ISERROR(IF($V43="","",ROUND(($V43/$V$13)*$W$13,2))),"",IF($V43="","",ROUND(($V43/$V$13)*$W$13,2))) | X43: =IF($W43="","",ROUND($W43*$X$13,2)) | AJ43: =IF(COUNT($Y43:$AI43)=0,"",SUM($Y43:$AI43)) | AK43: =IF(ISERROR(IF($AJ43="","",ROUND(($AJ43/$AJ$13)*$AK$13,2))),"",IF($AJ43="","",ROUND(($AJ43/$AJ$13)*$AK$13,2))) | AL43: =IF($AK43="","",ROUND($AK43*$AL$13,2)) | AN43: =IF(ISERROR(IF($AM43="","",ROUND(($AM43/$AM$13)*$AN$13,2))),"",IF($AM43="","",ROUND(($AM43/$AM$13)*$AN$13,2))) | AO43: =IF($AN43="","",ROUND($AN43*$AO$13,2)) | AP43: =IF(ISERROR(IF($AM43="","",ROUND(SUM($X43,$AL43,$AO43),2))),"",IF($AM43="","",ROUND(SUM($X43,$AL43,$AO43),2))) | AQ43: =IF(ISERROR(IF($AM43="","",VLOOKUP(AP43,TRANSMUTATION_TABLE,4,TRUE))),"",IF($AM43="","",VLOOKUP(AP43,TRANSMUTATION_TABLE,4,TRUE)))
V44: =IF(COUNT($F44:$U44)=0,"",SUM($F44:$U44)) | W44: =IF(ISERROR(IF($V44="","",ROUND(($V44/$V$13)*$W$13,2))),"",IF($V44="","",ROUND(($V44/$V$13)*$W$13,2))) | X44: =IF($W44="","",ROUND($W44*$X$13,2)) | AJ44: =IF(COUNT($Y44:$AI44)=0,"",SUM($Y44:$AI44)) | AK44: =IF(ISERROR(IF($AJ44="","",ROUND(($AJ44/$AJ$13)*$AK$13,2))),"",IF($AJ44="","",ROUND(($AJ44/$AJ$13)*$AK$13,2))) | AL44: =IF($AK44="","",ROUND($AK44*$AL$13,2)) | AN44: =IF(ISERROR(IF($AM44="","",ROUND(($AM44/$AM$13)*$AN$13,2))),"",IF($AM44="","",ROUND(($AM44/$AM$13)*$AN$13,2))) | AO44: =IF($AN44="","",ROUND($AN44*$AO$13,2)) | AP44: =IF(ISERROR(IF($AM44="","",ROUND(SUM($X44,$AL44,$AO44),2))),"",IF($AM44="","",ROUND(SUM($X44,$AL44,$AO44),2))) | AQ44: =IF(ISERROR(IF($AM44="","",VLOOKUP(AP44,TRANSMUTATION_TABLE,4,TRUE))),"",IF($AM44="","",VLOOKUP(AP44,TRANSMUTATION_TABLE,4,TRUE)))
V45: =IF(COUNT($F45:$U45)=0,"",SUM($F45:$U45)) | W45: =IF(ISERROR(IF($V45="","",ROUND(($V45/$V$13)*$W$13,2))),"",IF($V45="","",ROUND(($V45/$V$13)*$W$13,2))) | X45: =IF($W45="","",ROUND($W45*$X$13,2)) | AJ45: =IF(COUNT($Y45:$AI45)=0,"",SUM($Y45:$AI45)) | AK45: =IF(ISERROR(IF($AJ45="","",ROUND(($AJ45/$AJ$13)*$AK$13,2))),"",IF($AJ45="","",ROUND(($AJ45/$AJ$13)*$AK$13,2))) | AL45: =IF($AK45="","",ROUND($AK45*$AL$13,2)) | AN45: =IF(ISERROR(IF($AM45="","",ROUND(($AM45/$AM$13)*$AN$13,2))),"",IF($AM45="","",ROUND(($AM45/$AM$13)*$AN$13,2))) | AO45: =IF($AN45="","",ROUND($AN45*$AO$13,2)) | AP45: =IF(ISERROR(IF($AM45="","",ROUND(SUM($X45,$AL45,$AO45),2))),"",IF($AM45="","",ROUND(SUM($X45,$AL45,$AO45),2))) | AQ45: =IF(ISERROR(IF($AM45="","",VLOOKUP(AP45,TRANSMUTATION_TABLE,4,TRUE))),"",IF($AM45="","",VLOOKUP(AP45,TRANSMUTATION_TABLE,4,TRUE)))
V49: =IF(COUNT($F49:$U49)=0,"",SUM($F49:$U49)) | W49: =IF(ISERROR(IF($V49="","",ROUND(($V49/$V$13)*$W$13,2))),"",IF($V49="","",ROUND(($V49/$V$13)*$W$13,2))) | X49: =IF($W49="","",ROUND($W49*$X$13,2)) | AJ49: =IF(COUNT($Y49:$AI49)=0,"",SUM($Y49:$AI49)) | AK49: =IF(ISERROR(IF($AJ49="","",ROUND(($AJ49/$AJ$13)*$AK$13,2))),"",IF($AJ49="","",ROUND(($AJ49/$AJ$13)*$AK$13,2))) | AL49: =IF($AK49="","",ROUND($AK49*$AL$13,2)) | AN49: =IF(ISERROR(IF($AM49="","",ROUND(($AM49/$AM$13)*$AN$13,2))),"",IF($AM49="","",ROUND(($AM49/$AM$13)*$AN$13,2))) | AO49: =IF($AN49="","",ROUND($AN49*$AO$13,2)) | AP49: =IF(ISERROR(IF($AM49="","",ROUND(SUM($X49,$AL49,$AO49),2))),"",IF($AM49="","",ROUND(SUM($X49,$AL49,$AO49),2))) | AQ49: =IF(ISERROR(IF($AM49="","",VLOOKUP(AP49,TRANSMUTATION_TABLE,4,TRUE))),"",IF($AM49="","",VLOOKUP(AP49,TRANSMUTATION_TABLE,4,TRUE)))
V50: =IF(COUNT($F50:$U50)=0,"",SUM($F50:$U50)) | W50: =IF(ISERROR(IF($V50="","",ROUND(($V50/$V$13)*$W$13,2))),"",IF($V50="","",ROUND(($V50/$V$13)*$W$13,2))) | X50: =IF($W50="","",ROUND($W50*$X$13,2)) | AJ50: =IF(COUNT($Y50:$AI50)=0,"",SUM($Y50:$AI50)) | AK50: =IF(ISERROR(IF($AJ50="","",ROUND(($AJ50/$AJ$13)*$AK$13,2))),"",IF($AJ50="","",ROUND(($AJ50/$AJ$13)*$AK$13,2))) | AL50: =IF($AK50="","",ROUND($AK50*$AL$13,2)) | AN50: =IF(ISERROR(IF($AM50="","",ROUND(($AM50/$AM$13)*$AN$13,2))),"",IF($AM50="","",ROUND(($AM50/$AM$13)*$AN$13,2))) | AO50: =IF($AN50="","",ROUND($AN50*$AO$13,2)) | AP50: =IF(ISERROR(IF($AM50="","",ROUND(SUM($X50,$AL50,$AO50),2))),"",IF($AM50="","",ROUND(SUM($X50,$AL50,$AO50),2))) | AQ50: =IF(ISERROR(IF($AM50="","",VLOOKUP(AP50,TRANSMUTATION_TABLE,4,TRUE))),"",IF($AM50="","",VLOOKUP(AP50,TRANSMUTATION_TABLE,4,TRUE)))
V51: =IF(COUNT($F51:$U51)=0,"",SUM($F51:$U51)) | W51: =IF(ISERROR(IF($V51="","",ROUND(($V51/$V$13)*$W$13,2))),"",IF($V51="","",ROUND(($V51/$V$13)*$W$13,2))) | X51: =IF($W51="","",ROUND($W51*$X$13,2)) | AJ51: =IF(COUNT($Y51:$AI51)=0,"",SUM($Y51:$AI51)) | AK51: =IF(ISERROR(IF($AJ51="","",ROUND(($AJ51/$AJ$13)*$AK$13,2))),"",IF($AJ51="","",ROUND(($AJ51/$AJ$13)*$AK$13,2))) | AL51: =IF($AK51="","",ROUND($AK51*$AL$13,2)) | AN51: =IF(ISERROR(IF($AM51="","",ROUND(($AM51/$AM$13)*$AN$13,2))),"",IF($AM51="","",ROUND(($AM51/$AM$13)*$AN$13,2))) | AO51: =IF($AN51="","",ROUND($AN51*$AO$13,2)) | AP51: =IF(ISERROR(IF($AM51="","",ROUND(SUM($X51,$AL51,$AO51),2))),"",IF($AM51="","",ROUND(SUM($X51,$AL51,$AO51),2))) | AQ51: =IF(ISERROR(IF($AM51="","",VLOOKUP(AP51,TRANSMUTATION_TABLE,4,TRUE))),"",IF($AM51="","",VLOOKUP(AP51,TRANSMUTATION_TABLE,4,TRUE)))
V52: =IF(COUNT($F52:$U52)=0,"",SUM($F52:$U52)) | W52: =IF(ISERROR(IF($V52="","",ROUND(($V52/$V$13)*$W$13,2))),"",IF($V52="","",ROUND(($V52/$V$13)*$W$13,2))) | X52: =IF($W52="","",ROUND($W52*$X$13,2)) | AJ52: =IF(COUNT($Y52:$AI52)=0,"",SUM($Y52:$AI52)) | AK52: =IF(ISERROR(IF($AJ52="","",ROUND(($AJ52/$AJ$13)*$AK$13,2))),"",IF($AJ52="","",ROUND(($AJ52/$AJ$13)*$AK$13,2))) | AL52: =IF($AK52="","",ROUND($AK52*$AL$13,2)) | AN52: =IF(ISERROR(IF($AM52="","",ROUND(($AM52/$AM$13)*$AN$13,2))),"",IF($AM52="","",ROUND(($AM52/$AM$13)*$AN$13,2))) | AO52: =IF($AN52="","",ROUND($AN52*$AO$13,2)) | AP52: =IF(ISERROR(IF($AM52="","",ROUND(SUM($X52,$AL52,$AO52),2))),"",IF($AM52="","",ROUND(SUM($X52,$AL52,$AO52),2))) | AQ52: =IF(ISERROR(IF($AM52="","",VLOOKUP(AP52,TRANSMUTATION_TABLE,4,TRUE))),"",IF($AM52="","",VLOOKUP(AP52,TRANSMUTATION_TABLE,4,TRUE)))
V53: =IF(COUNT($F53:$U53)=0,"",SUM($F53:$U53)) | W53: =IF(ISERROR(IF($V53="","",ROUND(($V53/$V$13)*$W$13,2))),"",IF($V53="","",ROUND(($V53/$V$13)*$W$13,2))) | X53: =IF($W53="","",ROUND($W53*$X$13,2)) | AJ53: =IF(COUNT($Y53:$AI53)=0,"",SUM($Y53:$AI53)) | AK53: =IF(ISERROR(IF($AJ53="","",ROUND(($AJ53/$AJ$13)*$AK$13,2))),"",IF($AJ53="","",ROUND(($AJ53/$AJ$13)*$AK$13,2))) | AL53: =IF($AK53="","",ROUND($AK53*$AL$13,2)) | AN53: =IF(ISERROR(IF($AM53="","",ROUND(($AM53/$AM$13)*$AN$13,2))),"",IF($AM53="","",ROUND(($AM53/$AM$13)*$AN$13,2))) | AO53: =IF($AN53="","",ROUND($AN53*$AO$13,2)) | AP53: =IF(ISERROR(IF($AM53="","",ROUND(SUM($X53,$AL53,$AO53),2))),"",IF($AM53="","",ROUND(SUM($X53,$AL53,$AO53),2))) | AQ53: =IF(ISERROR(IF($AM53="","",VLOOKUP(AP53,TRANSMUTATION_TABLE,4,TRUE))),"",IF($AM53="","",VLOOKUP(AP53,TRANSMUTATION_TABLE,4,TRUE)))
A55: Class Record
A57: (Pursuant to Deped Order 8 series of 2015)
C58: REGION | G58: NCR | U58: DIVISION | V58: PARAÑAQUE | Z58: DISTRICT | AH58: VII
B60: SCHOOL NAME | G60: PARAÑAQUE NATIONAL HIGH SCHOOL - BACLARAN | Z60: SCHOOL ID | AH60: 305426 | AK60: SCHOOL YEAR | AN60: 2025 - 2026
A62: FOURTH QUARTER | F62: GRADE & SECTION: | O62: IX - | W62: TEACHER: | Y62: MRS. VANESSA G. LAS PIÑAS - TALENTO | AJ62: SUBJECT: | AL62: SCIENCE 9
B63: LEARNERS' NAMES | F63: WRITTEN WORKS (40%) | Y63: PERFORMANCE TASKS (40%) | AM63: QUARTERLY ASSESSMENT (20%) | AP63: Initial Grade | AQ63: Quarterly Grade
F64: SEATWORK | U64: Notebook | Y64: GROUP ACTIVITY | AI64: Recitation
F65: (Let's Recall, Let's Apply, Let's Analyze, Let's Try) | Y65: Let's Create | AM65: Periodic Test
F66: 1 | G66: 2 | H66: 3 | I66: 4 | J66: 5 | K66: 6 | L66: 7 | M66: 8 | N66: 9 | O66: 10 | P66: 11 | Q66: 12 | R66: 13 | S66: 14 | T66: 15 | U66: 4 | V66: Total | W66: PS | X66: WS | Y66: 1 | Z66: 2 | AA66: 3 | AB66: 4 | AC66: 5 | AD66: 6 | AE66: 7 | AF66: 8 | AG66: 9 | AH66: 10 | AI66: 4 | AJ66: Total | AK66: PS | AL66: WS | AM66: 4 | AN66: PS | AO66: WS
B67: HIGHEST POSSIBLE SCORE | V67: =IF(COUNT($F67:$U67)=0,"",SUM($F67:$U67)) | W67: 100 | X67: 0.4 | AJ67: =IF(COUNT($Y67:$AI67)=0,"",SUM($Y67:$AI67)) | AK67: 100 | AL67: 0.4 | AM67: 40 | AN67: 100 | AO67: 0.2
B68: FEMALE | W68: =IF(ISERROR(IF($V68="","",ROUND(($V68/$V$13)*$W$13,2))),"",IF($V68="","",ROUND(($V68/$V$13)*$W$13,2))) | X68: =IF($W68="","",ROUND($W68*$X$13,2)) | AK68: =IF(ISERROR(IF($AJ68="","",ROUND(($AJ68/$AJ$13)*$AK$13,2))),"",IF($AJ68="","",ROUND(($AJ68/$AJ$13)*$AK$13,2))) | AL68: =IF($AK68="","",ROUND($AK68*$AL$13,2)) | AN68: =IF(ISERROR(IF($AM68="","",ROUND(($AM68/$AM$13)*$AN$13,2))),"",IF($AM68="","",ROUND(($AM68/$AM$13)*$AN$13,2))) | AO68: =IF($AN68="","",ROUND($AN68*$AO$13,2))
A69: 1 | V69: =IF(COUNT($F69:$U69)=0,"",SUM($F69:$U69)) | W69: =IF(ISERROR(IF($V69="","",ROUND(($V69/$V$13)*$W$13,2))),"",IF($V69="","",ROUND(($V69/$V$13)*$W$13,2))) | X69: =IF($W69="","",ROUND($W69*$X$13,2)) | AJ69: =IF(COUNT($Y69:$AI69)=0,"",SUM($Y69:$AI69)) | AK69: =IF(ISERROR(IF($AJ69="","",ROUND(($AJ69/$AJ$13)*$AK$13,2))),"",IF($AJ69="","",ROUND(($AJ69/$AJ$13)*$AK$13,2))) | AL69: =IF($AK69="","",ROUND($AK69*$AL$13,2)) | AN69: =IF(ISERROR(IF($AM69="","",ROUND(($AM69/$AM$13)*$AN$13,2))),"",IF($AM69="","",ROUND(($AM69/$AM$13)*$AN$13,2))) | AO69: =IF($AN69="","",ROUND($AN69*$AO$13,2)) | AP69: =IF(ISERROR(IF($AM69="","",ROUND(SUM($X69,$AL69,$AO69),2))),"",IF($AM69="","",ROUND(SUM($X69,$AL69,$AO69),2))) | AQ69: =IF(ISERROR(IF($AM69="","",VLOOKUP(AP69,TRANSMUTATION_TABLE,4,TRUE))),"",IF($AM69="","",VLOOKUP(AP69,TRANSMUTATION_TABLE,4,TRUE))) | AT69: 60-69 | AU69: 78
A70: 2 | V70: =IF(COUNT($F70:$U70)=0,"",SUM($F70:$U70)) | W70: =IF(ISERROR(IF($V70="","",ROUND(($V70/$V$13)*$W$13,2))),"",IF($V70="","",ROUND(($V70/$V$13)*$W$13,2))) | X70: =IF($W70="","",ROUND($W70*$X$13,2)) | AJ70: =IF(COUNT($Y70:$AI70)=0,"",SUM($Y70:$AI70)) | AK70: =IF(ISERROR(IF($AJ70="","",ROUND(($AJ70/$AJ$13)*$AK$13,2))),"",IF($AJ70="","",ROUND(($AJ70/$AJ$13)*$AK$13,2))) | AL70: =IF($AK70="","",ROUND($AK70*$AL$13,2)) | AN70: =IF(ISERROR(IF($AM70="","",ROUND(($AM70/$AM$13)*$AN$13,2))),"",IF($AM70="","",ROUND(($AM70/$AM$13)*$AN$13,2))) | AO70: =IF($AN70="","",ROUND($AN70*$AO$13,2)) | AP70: =IF(ISERROR(IF($AM70="","",ROUND(SUM($X70,$AL70,$AO70),2))),"",IF($AM70="","",ROUND(SUM($X70,$AL70,$AO70),2))) | AQ70: =IF(ISERROR(IF($AM70="","",VLOOKUP(AP70,TRANSMUTATION_TABLE,4,TRUE))),"",IF($AM70="","",VLOOKUP(AP70,TRANSMUTATION_TABLE,4,TRUE))) | AT70: 70-74 | AU70: 79
A71: 3 | V71: =IF(COUNT($F71:$U71)=0,"",SUM($F71:$U71)) | W71: =IF(ISERROR(IF($V71="","",ROUND(($V71/$V$13)*$W$13,2))),"",IF($V71="","",ROUND(($V71/$V$13)*$W$13,2))) | X71: =IF($W71="","",ROUND($W71*$X$13,2)) | AJ71: =IF(COUNT($Y71:$AI71)=0,"",SUM($Y71:$AI71)) | AK71: =IF(ISERROR(IF($AJ71="","",ROUND(($AJ71/$AJ$13)*$AK$13,2))),"",IF($AJ71="","",ROUND(($AJ71/$AJ$13)*$AK$13,2))) | AL71: =IF($AK71="","",ROUND($AK71*$AL$13,2)) | AN71: =IF(ISERROR(IF($AM71="","",ROUND(($AM71/$AM$13)*$AN$13,2))),"",IF($AM71="","",ROUND(($AM71/$AM$13)*$AN$13,2))) | AO71: =IF($AN71="","",ROUND($AN71*$AO$13,2)) | AP71: =IF(ISERROR(IF($AM71="","",ROUND(SUM($X71,$AL71,$AO71),2))),"",IF($AM71="","",ROUND(SUM($X71,$AL71,$AO71),2))) | AQ71: =IF(ISERROR(IF($AM71="","",VLOOKUP(AP71,TRANSMUTATION_TABLE,4,TRUE))),"",IF($AM71="","",VLOOKUP(AP71,TRANSMUTATION_TABLE,4,TRUE))) | AT71: 75-79 | AU71: 80
A72: 4 | V72: =IF(COUNT($F72:$U72)=0,"",SUM($F72:$U72)) | W72: =IF(ISERROR(IF($V72="","",ROUND(($V72/$V$13)*$W$13,2))),"",IF($V72="","",ROUND(($V72/$V$13)*$W$13,2))) | X72: =IF($W72="","",ROUND($W72*$X$13,2)) | AJ72: =IF(COUNT($Y72:$AI72)=0,"",SUM($Y72:$AI72)) | AK72: =IF(ISERROR(IF($AJ72="","",ROUND(($AJ72/$AJ$13)*$AK$13,2))),"",IF($AJ72="","",ROUND(($AJ72/$AJ$13)*$AK$13,2))) | AL72: =IF($AK72="","",ROUND($AK72*$AL$13,2)) | AN72: =IF(ISERROR(IF($AM72="","",ROUND(($AM72/$AM$13)*$AN$13,2))),"",IF($AM72="","",ROUND(($AM72/$AM$13)*$AN$13,2))) | AO72: =IF($AN72="","",ROUND($AN72*$AO$13,2)) | AP72: =IF(ISERROR(IF($AM72="","",ROUND(SUM($X72,$AL72,$AO72),2))),"",IF($AM72="","",ROUND(SUM($X72,$AL72,$AO72),2))) | AQ72: =IF(ISERROR(IF($AM72="","",VLOOKUP(AP72,TRANSMUTATION_TABLE,4,TRUE))),"",IF($AM72="","",VLOOKUP(AP72,TRANSMUTATION_TABLE,4,TRUE))) | AT72: 80-84 | AU72: 85
